Nombre,Precio,Proveedor,MPN,EAN,Socket,Chipset,Desbloqueado,Formato,Tipo_Memoria,Capacidad de memoria,Ranuras de RAM,SATA,VGA,DVI,Puerto Display,HDMI,WiFi
MSI B550-A Pro,$145.07 USD,MSI,7C56-002R,4719072733667,AM4,B550,False,ATX,DDR4,128 GB,4,6,0,0.0,1.0,1.0,False
ASRock B360 Pro4,$112.72 USD,ASRock,90-MXB6V0-A0UAYZ,4717677335262,1151,B360,False,ATX,DDR4,64 GB,4,6,0,0.0,0.0,0.0,False
ASRock B360M Pro4,$92.4 USD,ASRock,90-MXB760-A0UAYZ,4717677335149,1151,B360,False,Micro-ATX,DDR4,64 GB,4,6,0,0.0,0.0,0.0,False
ASRock B360M-ITX/AC,$103.49 USD,ASRock,90-MXB790-A0UAYZ,4717677335163,1151,B360,False,Mini-ITX,DDR4,32 GB,2,4,0,0.0,0.0,0.0,False
ASRock B650M PG Riptide,$159.58 USD,ASRock,90-MXBJ90-A0UAYZ,4710483940835,AM5,B650E,False,Micro-ATX,DDR5,128 GB,4,4,0,0.0,1.0,1.0,False
ASRock Fatal1ty X399 Professional Gaming,$431.41 USD,ASRock,90-MXB5Q0-A0UAYZ,4717677333930,TR4,X399,True,ATX,DDR4,128 GB,8,8,0,0.0,0.0,0.0,False
ASRock X299 Gaming K6,$261.13 USD,ASRock,90-MXB5E0-A0UAYZ,4717677333565,2066,X299,True,ATX,DDR4,128 GB,8,8,0,0.0,0.0,0.0,False
ASRock X399 Taichi,$314.49 USD,ASRock,90-MXB5R0-A0UAYZ,4717677333947,TR4,X399,True,ATX,DDR4,128 GB,8,8,0,0.0,0.0,0.0,False
"ASRock X570 Taichi, AMD X570",$293.77 USD,ASRock,90-MXBA80-A0UAYZ,4717677338683,AM4,X570,True,ATX,DDR4,128 GB,4,8,0,0.0,0.0,1.0,False
ASRock X99 Taichi,$253.93 USD,ASRock,90-MXB380-A0UAYZ,4717677331219,2011-V3,X99,False,ATX,DDR4,128 GB,8,10,0,0.0,0.0,0.0,False
ASRock Z270 Killer SLI,$196.37 USD,ASRock,90-MXB4T0-A0UAYZ,4717677332612,1151,Z270,True,ATX,DDR4,64 GB,4,6,0,0.0,0.0,0.0,False
ASRock Z270 Pro4,$128.2 USD,ASRock,90-MXB3Q0-A0UAYZ,4717677332414,1151,Z270,True,ATX,DDR4,64 GB,4,6,0,0.0,0.0,0.0,False
ASRock Z270M Pro4,$131.84 USD,ASRock,90-MXB3F0-A0UAYZ,4717677332490,1151,Z270,True,Micro-ATX,DDR4,64 GB,4,6,0,0.0,0.0,0.0,False
ASRock Z270M-ITX/ac,$123.07 USD,ASRock,90-MXB3K0-A0UAYZ,4717677332407,1151,Z270,True,Mini-ITX,DDR4,32 GB,2,6,0,0.0,0.0,0.0,False
ASRock Z370 Pro4,$130.56 USD,ASRock,90-MXB5X0-A0UAYZ,4717677334180,1151,Z370,True,ATX,DDR4,64 GB,4,6,0,0.0,0.0,0.0,False
ASRock Z370M Pro4,$122.96 USD,ASRock,90-MXB660-A0UAYZ,4717677334357,1151,Z370,True,Micro-ATX,DDR4,64 GB,4,6,0,0.0,0.0,0.0,False
ASRock Z390 Extreme 4,$155.01 USD,ASRock,90-MXB880-A0UAYZ,4717677336726,1151,Z390,False,ATX,DDR4,64 GB,4,4,0,0.0,0.0,1.0,False
ASRock Z390 Taichi,$245.05 USD,ASRock,90-MXB8H0-A0UAYZ,4717677336764,1151,Z390,False,ATX,DDR4,64 GB,4,4,0,0.0,0.0,1.0,False
ASRock Z790 PG Lightning,$103.61 USD,ASRock,90-MXBKA0-A0UAYZ,4710483940965,1700,Z790,False,ATX,DDR5,128 GB,4,4,0,0.0,0.0,1.0,False
ASUS PRIME B250M-A,$68.9 USD,ASUS,90MB0SR0-M0EAY0,4712900572056,1151,B250,False,Micro-ATX,DDR4,64 GB,4,6,0,0.0,0.0,0.0,False
Gigabyte Aorus X399 Gaming 7,$386.78 USD,Gigabyte,X399 AORUS Gaming 7,4719331801939,TR4,X399,True,ATX,DDR4,128 GB,8,8,0,0.0,0.0,0.0,False
Gigabyte Aorus Z270X-Gaming 5,$204.87 USD,Gigabyte,GA-Z270X-Gaming 5,4719331841386,1151,Z270,True,ATX,DDR4,64 GB,4,6,0,0.0,0.0,0.0,False
Gigabyte Aorus Z270X-Gaming 9,$143.68 USD,Gigabyte,GA-Z270X-Gaming 9,4719331846374,1151,Z270,True,E-ATX,DDR4,64 GB,4,8,0,0.0,0.0,0.0,False
Gigabyte B250M-DS3H,$63.18 USD,Gigabyte,GA-B250M-DS3H,4719331847265,1151,B250,False,Micro-ATX,DDR4,64 GB,4,6,0,0.0,0.0,0.0,False
Gigabyte B360 HD3,$91.34 USD,Gigabyte,B360 HD3,4719331802981,1151,B360,False,ATX,DDR4,64 GB,4,6,0,0.0,0.0,0.0,False
Gigabyte B360M D3H,$79.04 USD,Gigabyte,B360M D3H,4719331802790,1151,B360,False,Micro-ATX,DDR4,64 GB,4,6,0,0.0,0.0,0.0,False
Gigabyte B360M DS3H,$76.16 USD,Gigabyte,B360M DS3H,4719331802806,1151,B360,False,Micro-ATX,DDR4,64 GB,4,6,0,0.0,0.0,0.0,False
Gigabyte B365M DS3H,$257.42 USD,Gigabyte,B365M DS3H,4719331805579,1151,B365,False,Micro-ATX,DDR4,64 GB,4,6,0,0.0,0.0,0.0,False
"Gigabyte B450 Aorus M, AMD B450",$71.8 USD,Gigabyte,B450 AORUS M,4719331803858,AM4,B450,True,Micro-ATX,DDR4,64 GB,4,6,0,0.0,0.0,1.0,False
Gigabyte F2A88XN-WIFI,$68.18 USD,Gigabyte,GA-F2A88XN-WIFI,4719331839093,FM2+,A88X,False,Mini-ITX,DDR3,64 GB,2,4,0,1.0,0.0,2.0,True
Gigabyte H270M-DS3H,$108.02 USD,Gigabyte,GA-H270M-DS3H,4719331847333,1151,H270,False,Micro-ATX,DDR4,64 GB,4,6,0,0.0,0.0,0.0,False
Gigabyte Q270M-D3H,$45.0 USD,Gigabyte,GA-Q270M-D3H,4719331849290,1151,Q270,False,Micro-ATX,DDR4,64 GB,4,6,0,0.0,0.0,0.0,False
"Gigabyte X570 Aorus Elite, AMD X570",$179.89 USD,Gigabyte,X570 Aorus Elite,4719331806439,AM4,X570,True,ATX,DDR4,128 GB,4,6,0,0.0,0.0,0.0,False
"Gigabyte X570 Aorus Pro, AMD X570",$253.87 USD,Gigabyte,X570 Aorus Pro,4719331805999,AM4,X570,True,ATX,DDR4,128 GB,4,6,0,0.0,0.0,0.0,False
"Gigabyte X570 Gaming X, AMD X570",$158.86 USD,Gigabyte,X570 Gaming X,4719331806422,AM4,X570,True,ATX,DDR4,128 GB,4,6,0,0.0,0.0,1.0,False
"Gigabyte X570 I Aorus Pro WiFi, AMD X570",$202.38 USD,Gigabyte,X570 I Aorus Pro WiFi,4719331806408,AM4,X570,True,Mini-ITX,DDR4,64 GB,2,4,0,0.0,1.0,0.0,False
Gigabyte X99-UD3,$211.06 USD,Gigabyte,GA-X99-UD3,4719331833213,2011-V3,X99,False,ATX,DDR4,32 GB,4,10,0,0.0,0.0,0.0,False
Gigabyte Z270-Gaming K3,$211.07 USD,Gigabyte,GA-Z270-Gaming K3,4719331845377,1151,Z270,True,ATX,DDR4,64 GB,4,6,0,0.0,0.0,0.0,False
Gigabyte Z270-HD3P,$108.8 USD,Gigabyte,GA-Z270-HD3P,4719331846411,1151,Z270,True,ATX,DDR4,64 GB,4,6,0,0.0,0.0,0.0,False
Gigabyte Z270X-Ultra Gaming,$143.68 USD,Gigabyte,GA-Z270X-Ultra Gaming,4719331845384,1151,Z270,True,ATX,DDR4,64 GB,4,6,0,0.0,0.0,0.0,False
Gigabyte Z270XP-SLI,$148.75 USD,Gigabyte,GA-Z270XP-SLI,4719331845353,1151,Z270,True,ATX,DDR4,64 GB,4,6,0,0.0,0.0,0.0,False
Gigabyte Z390 I Aorus Pro WiFi,$194.39 USD,Gigabyte,Z390 I AORUS PRO WIFI,4719331804527,1151,Z390,False,Mini-ITX,DDR4,32 GB,2,4,0,0.0,1.0,1.0,False
Gigabyte Z390 UD,$93.56 USD,Gigabyte,Z390 UD,4719331804411,1151,Z390,False,ATX,DDR4,64 GB,4,4,0,0.0,0.0,1.0,False
MSI B350 Tomahawk,$109.29 USD,MSI,7A36-002R,4719072509576,AM4,B350,True,ATX,DDR4,64 GB,4,4,0,0.0,0.0,0.0,False
MSI B360M Mortar,$101.28 USD,MSI,7B23-001R,4719072562830,1151,B360,False,Micro-ATX,DDR4,64 GB,4,4,0,0.0,0.0,0.0,False
"MSI B450 Gaming Plus Max, AMD B450",$159.57 USD,MSI,7B86-016R,4719072658557,AM4,B450,True,ATX,DDR4,64 GB,4,6,0,0.0,0.0,1.0,False
MSI B450 Tomahawk,$126.09 USD,MSI,7C02-002R,4719072587048,AM4,B450,True,ATX,DDR4,64 GB,4,6,0,0.0,0.0,1.0,False
MSI B450 Tomahawk Max,$94.28 USD,MSI,7C02-020R,4719072659226,AM4,B450,True,ATX,DDR4,64 GB,4,6,0,0.0,0.0,0.0,False
MSI B450-A Pro,$87.04 USD,MSI,7B86-001R,4719072587079,AM4,B450,True,ATX,DDR4,64 GB,4,6,0,0.0,0.0,1.0,False
MSI B450I Gaming Plus AC,$78.97 USD,MSI,7A40-004R,4719072587000,AM4,B450,True,Mini-ITX,DDR4,64 GB,4,4,0,0.0,1.0,1.0,False
"MSI B450M Pro-VDH Max, AMD B450-, socket AM4",$64.54 USD,MSI,7A38-043R,4719072665968,AM4,B450,True,Micro-ATX,DDR4,64 GB,4,4,0,0.0,0.0,0.0,False
MSI MAG B660M MORTAR WIFI DDR4,$181.34 USD,MSI,7D42-004R,4719072907907,1700,B660,False,Micro-ATX,DDR4,128 GB,4,6,0,0.0,1.0,1.0,True
MSI PRO B660-A DDR4,$152.32 USD,MSI,7D59-001R,4719072912451,1700,B660,False,Micro-ATX,DDR4,128 GB,4,4,0,0.0,2.0,2.0,False
MSI Pro Z690-A DDR4,$193.66 USD,MSI,7D25-002R,4719072886622,1700,Z690,True,ATX,DDR4,128 GB,4,6,0,0.0,1.0,1.0,False
MSI X399 Gaming Pro Carbon AC,$395.32 USD,MSI,7B09-010R,4719072535803,TR4,X399,True,ATX,DDR4,128 GB,8,8,0,0.0,0.0,0.0,False
ASRock 760GM-HDV,$63.15 USD,ASRock,90-MXB7U0-A0UAYZ,4717677335880,AM3+,760G,False,Micro-ATX,DDR3,32 GB,2,4,0,0.0,0.0,0.0,False
ASRock A320M Pro4,$78.96 USD,ASRock,90-MXB540-A0UAYZ,4717677333183,AM4,A320,False,Micro-ATX,DDR4,64 GB,4,4,0,0.0,0.0,1.0,False
ASRock A320M-DGS,$57.41 USD,ASRock,90-MXB5A0-A0UAYZ,4717677333237,AM4,A320,False,Micro-ATX,DDR4,32 GB,2,4,0,0.0,0.0,0.0,False
ASRock A520M-HDV,$69.22 USD,ASRock,90-MXBE50-A0UAYZ,4710483932267,AM4,A520,False,Micro-ATX,DDR4,64 GB,2,4,1,1.0,0.0,1.0,False
ASRock A520M-ITX/AC,$121.41 USD,ASRock,90-MXBDG0-A0UAYZ,4710483932045,AM4,A520,False,Mini-ITX,DDR4,64 GB,2,4,0,0.0,1.0,1.0,True
"ASRock AB350 Pro4 BTC, AMD B350",$98.78 USD,ASRock,90-MXB510-A0UAYZ,4717677333169,AM4,B350,True,ATX,DDR4,64 GB,4,6,0,0.0,0.0,0.0,False
ASRock AB350M-HDV,$68.9 USD,ASRock,90-MXB3P0-A0UAYZ,4717677333213,AM4,B350,True,Micro-ATX,DDR4,32 GB,2,4,0,0.0,0.0,0.0,False
ASRock B250M Pro4,$84.86 USD,ASRock,90-MXB3C0-A0UAYZ,4717677332544,1151,B250,False,Micro-ATX,DDR4,64 GB,4,6,0,0.0,0.0,0.0,False
ASRock B250M-HDV,$68.17 USD,ASRock,90-MXB3J0-A0UAYZ,4717677332285,1151,B250,False,Micro-ATX,DDR4,32 GB,2,6,0,0.0,0.0,0.0,False
ASRock B360M-HDV,$79.05 USD,ASRock,90-MXB730-A0UAYZ,4717677335156,1151,B360,False,Micro-ATX,DDR4,32 GB,2,6,0,0.0,0.0,0.0,False
"ASRock B450 Gaming ITX/ac, AMD B450",$119.68 USD,ASRock,90-MXB870-A0UAYZ,4717677336238,AM4,B450,True,Mini-ITX,DDR4,32 GB,2,4,0,0.0,0.0,0.0,False
"ASRock B450 Gaming K4, AMD B450",$90.66 USD,ASRock,90-MXB8A0-A0UAYZ,4717677336245,AM4,B450,True,ATX,DDR4,64 GB,4,6,0,0.0,0.0,1.0,False
"ASRock B450 Pro 4, AMD B450",$87.04 USD,ASRock,90-MXB8B0-A0UAYZ,4717677336252,AM4,B450,True,ATX,DDR4,64 GB,4,6,0,0.0,0.0,1.0,False
ASRock B450 Steel Legend,$114.2 USD,ASRock,90-MXBA00-A0UAYZ,4717677338065,AM4,B450,True,ATX,DDR4,128 GB,4,6,0,0.0,1.0,1.0,False
"ASRock B450M Pro4, AMD B450",$117.59 USD,ASRock,90-MXB8F0-A0UAYZ,4717677336276,AM4,B450,True,Micro-ATX,DDR4,64 GB,4,4,0,0.0,0.0,1.0,False
ASRock B450M Pro4-F,$72.53 USD,ASRock,90-MXBAB0-A0UAYZ,4717677338263,AM4,B450,True,Micro-ATX,DDR4,64 GB,4,4,1,1.0,0.0,1.0,False
ASRock B450M-HDV,$90.66 USD,ASRock,90-MXB830-A0UAYZ,4717677336207,AM4,B450,True,Micro-ATX,DDR4,32 GB,2,4,0,0.0,0.0,1.0,False
"ASRock B450M-HDV R4.0, AMD B450",$98.77 USD,ASRock,90-MXB9N0-A0UAYZ,4717677337617,AM4,B450,True,Micro-ATX,DDR4,32 GB,2,4,0,0.0,0.0,1.0,False
ASRock B460M-HDV,$80.83 USD,ASRock,90-MXBD30-A0UAYZ,4710483931307,1200,B460,False,Micro-ATX,DDR4,64 GB,2,4,0,0.0,0.0,0.0,False
ASRock B550 Extreme4,$188.6 USD,ASRock,90-MXBDE0-A0UAYZ,4710483931567,AM4,B550,False,ATX,DDR4,128 GB,4,6,0,0.0,0.0,1.0,False
ASRock B550 PG Velocita,$214.78 USD,ASRock,90-MXBD90-A0UAYZ,4710483931550,AM4,B550,False,ATX,DDR4,128 GB,4,6,0,0.0,0.0,1.0,False
ASRock B550 Phantom Gaming 4,$97.92 USD,ASRock,90-MXBCY0-A0UAYZ,4710483931499,AM4,B550,False,ATX,DDR4,128 GB,4,6,0,0.0,0.0,1.0,False
ASRock B550 Phantom Gaming-ITX/ax,$192.22 USD,ASRock,90-MXBD40-A0UAYZ,4710483931611,AM4,B550,False,Mini-ITX,DDR4,64 GB,2,4,0,0.0,1.0,1.0,True
ASRock B550 Pro4,$112.43 USD,ASRock,90-MXBCZ0-A0UAYZ,4710483931482,AM4,B550,False,ATX,DDR4,128 GB,4,6,0,0.0,0.0,0.0,False
ASRock B550 Steel Legend,$181.99 USD,ASRock,90-MXBDF0-A0UAYZ,4710483931574,AM4,B550,False,ATX,DDR4,128 GB,4,6,0,0.0,1.0,1.0,False
ASRock B550 Taichi,$236.78 USD,ASRock,90-MXBD00-A0UAYZ,4710483931642,AM4,B550,False,ATX,DDR4,128 GB,4,8,0,0.0,1.0,1.0,True
ASRock B550M Pro4,$114.81 USD,ASRock,90-MXBDK0-A0UAYZ,4710483931598,AM4,B550,False,Micro-ATX,DDR4,128 GB,4,6,1,0.0,1.0,1.0,False
ASRock B550M-HDV,$79.78 USD,ASRock,90-MXBDJ0-A0UAYZ,4710483931635,AM4,B550,False,Micro-ATX,DDR4,64 GB,2,4,1,1.0,0.0,1.0,False
ASRock B550M-ITX/ac,$126.93 USD,ASRock,90-MXBDH0-A0UAYZ,4710483931727,AM4,B550,False,Mini-ITX,DDR4,64 GB,2,4,0,0.0,0.0,1.0,True
ASRock B660 Pro RS,$131.51 USD,ASRock,90-MXBHV0-A0UAYZ,4710483936616,1700,B660,False,ATX,DDR4,128 GB,4,6,0,0.0,1.0,1.0,True
ASRock B660M Steel Legend,$133.53 USD,ASRock,90-MXBH30-A0UAYZ,4710483936999,1700,B660,False,Micro-ATX,DDR4,128 GB,4,6,0,0.0,1.0,1.0,True
ASRock B660M-HDV,$87.04 USD,ASRock,90-MXBH40-A0UAYZ,4710483936500,1700,B660,False,Micro-ATX,DDR4,128 GB,4,6,0,0.0,1.0,1.0,True
ASRock Fatal1ty AB350 Gaming K4,$108.02 USD,ASRock,90-MXB530-A0UAYZ,4717677333152,AM4,B350,True,ATX,DDR4,64 GB,4,6,0,0.0,0.0,0.0,False
"ASRock Fatal1ty AB350 Gaming-ITX/ac, AMD B350",$124.78 USD,ASRock,90-MXB5P0-A0UAYZ,4717677333732,AM4,B350,True,Mini-ITX,DDR4,32 GB,2,4,0,0.0,0.0,0.0,False
ASRock Fatal1ty X299 Professional Gaming i9 XE,$455.68 USD,ASRock,90-MXB6H0-A0UAYZ,4717677334531,2066,X299,True,ATX,DDR4,128 GB,8,10,0,0.0,0.0,0.0,False
"ASRock Fatal1ty X370 Gaming-ITX/ac, AMD X370",$148.27 USD,ASRock,90-MXB5N0-A0UAYZ,4717677333725,AM4,X370,True,Mini-ITX,DDR4,32 GB,2,4,0,0.0,0.0,2.0,False
"ASRock Fatal1ty X470 Gaming-ITX/ac, AMD X470",$195.84 USD,ASRock,90-MXB7K0-A0UAYZ,4717677335750,AM4,X470,True,Mini-ITX,DDR4,32 GB,2,4,0,0.0,0.0,0.0,False
ASRock Fatal1ty X99 Professional Gaming i7,$283.35 USD,ASRock,X99 Professional Gaming i7,4717677331202,2011-V3,X99,False,ATX,DDR4,128 GB,8,10,0,0.0,0.0,0.0,False
ASRock Fatal1ty Z270 Gaming K4,$148.26 USD,ASRock,90-MXB3Z0-A0UAYZ,4717677332674,1151,Z270,True,ATX,DDR4,64 GB,4,6,0,0.0,0.0,0.0,False
ASRock Fatal1ty Z370 Gaming ITX/ac,$165.49 USD,ASRock,90-MXB670-A0UAYZ,4717677334364,1151,Z370,True,Mini-ITX,DDR4,32 GB,2,6,0,0.0,1.0,1.0,False
ASRock Fatal1ty Z370 Gaming K6,$225.94 USD,ASRock,90-MXB5V0-A0UAYZ,4717677334210,1151,Z370,True,ATX,DDR4,64 GB,4,8,0,0.0,0.0,0.0,False
ASRock H110 PRO BTC+,$106.35 USD,ASRock,90-MXB5S0-A0UAYZ,4717677333763,1151,H110,False,ATX,DDR4,32 GB,2,4,0,0.0,0.0,0.0,False
ASRock H270M Pro4,$98.85 USD,ASRock,90-MXB3D0-A0UAYZ,4717677332483,1151,H270,False,Micro-ATX,DDR4,64 GB,4,6,0,0.0,0.0,1.0,False
ASRock H310M-ITX/AC,$135.65 USD,ASRock,90-MXB7A0-A0UAYZ,4717677335194,1151,H310,False,Mini-ITX,DDR4,32 GB,2,4,0,0.0,0.0,0.0,False
ASRock H370M Pro4,$97.77 USD,ASRock,90-MXB750-A0UAYZ,4717677335118,1151,H370,False,Micro-ATX,DDR4,64 GB,4,6,0,0.0,0.0,1.0,False
ASRock H370M-ITX/AC,$124.36 USD,ASRock,90-MXB6R0-A0UAYZ,4717677335125,1151,H370,False,Mini-ITX,DDR4,32 GB,2,6,0,0.0,1.0,2.0,False
ASRock H410M-HDV,$66.92 USD,ASRock,90-MXBD60-A0UAYZ,4710483931246,1200,H410,False,Micro-ATX,DDR4,64 GB,2,4,0,0.0,0.0,0.0,False
ASRock H570 Phantom Gaming 4,$76.16 USD,ASRock,90-MXBFX0-A0UAYZ,4710483934056,1200,H570,False,ATX,DDR4,128 GB,4,6,0,0.0,1.0,1.0,True
ASRock H81 PRO BTC R2.0,$81.04 USD,ASRock,90-MXGUP0-A0UAYZ,4717677323368,1150,H81,False,ATX,DDR3,16 GB,2,2,0,0.0,0.0,0.0,False
ASRock X299 Gaming i9,$390.21 USD,ASRock,90-MXB5B0-A0UAYZ,4717677333541,2066,X299,True,ATX,DDR4,128 GB,8,10,0,0.0,0.0,0.0,False
ASRock X299 Taichi,$310.87 USD,ASRock,90-MXB5C0-A0UAYZ,4717677333558,2066,X299,True,ATX,DDR4,128 GB,8,6,0,0.0,0.0,0.0,False
ASRock X299 Taichi XE,$338.9 USD,ASRock,90-MXB6J0-A0UAYZ,4717677334449,2066,X299,True,ATX,DDR4,128 GB,8,10,0,0.0,0.0,0.0,False
ASRock X299E-ITX/AC,$405.24 USD,ASRock,90-MXB5W0-A0UAYZ,4717677334203,2066,X299,True,Mini-ITX,"DDR4, SO - DIMM",64 GB,4,6,0,0.0,0.0,0.0,False
"ASRock X370 Professional Gaming, AMD X370",$210.45 USD,ASRock,90-MXB4L0-A0UAYZ,4717677333114,AM4,X370,True,ATX,DDR4,64 GB,4,8,0,0.0,0.0,0.0,False
"ASRock X370 Taichi, AMD X370",$163.45 USD,ASRock,90-MXB500-A0UAYZ,4717677333121,AM4,X370,True,ATX,DDR4,64 GB,4,8,0,0.0,0.0,0.0,False
"ASRock X470 Fatal1ty Gaming K4, AMD X470",$165.23 USD,ASRock,90-MXB7E0-A0UAYZ,4717677335217,AM4,X470,True,ATX,DDR4,64 GB,4,6,0,0.0,0.0,0.0,False
"ASRock X470 Taichi Ultimate, AMD X470",$304.65 USD,ASRock,90-MXB7H0-A0UAYZ,4717677335484,AM4,X470,True,ATX,DDR4,64 GB,4,8,0,0.0,0.0,0.0,False
"ASRock X470 Taichi, AMD X470",$213.3 USD,ASRock,90-MXB7J0-A0UAYZ,4717677335200,AM4,X470,True,ATX,DDR4,64 GB,4,8,0,0.0,0.0,0.0,False
"ASRock X570 Extreme4, AMD X570",$213.88 USD,ASRock,90-MXBAP0-A0UAYZ,4717677338911,AM4,X570,True,ATX,DDR4,128 GB,4,8,0,0.0,0.0,1.0,False
"ASRock X570 Phantom Gaming 4, AMD X570",$148.69 USD,ASRock,90-MXBAU0-A0UAYZ,4717677338881,AM4,X570,True,ATX,DDR4,128 GB,4,8,0,0.0,1.0,1.0,False
"ASRock X570 Phantom Gaming-ITX/TB3, AMD X570",$254.77 USD,ASRock,90-MXBB10-A0UAYZ,4717677339147,AM4,X570,True,Mini-ITX,DDR4,64 GB,2,4,0,0.0,0.0,0.0,False
"ASRock X570 Pro4, AMD X570",$176.59 USD,ASRock,90-MXBAT0-A0UAYZ,4717677338874,AM4,X570,True,ATX,DDR4,128 GB,4,8,0,0.0,0.0,1.0,False
"ASRock X570 Steel Legend, AMD X570",$169.72 USD,ASRock,90-MXBAR0-A0UAYZ,4717677338904,AM4,X570,True,ATX,DDR4,128 GB,4,8,0,0.0,0.0,1.0,False
"ASRock X570M Pro4, AMD X570",$190.43 USD,ASRock,90-MXBAS0-A0UAYZ,4717677338812,AM4,X570,True,Micro-ATX,DDR4,128 GB,4,8,0,0.0,0.0,1.0,False
ASRock Z170 Extreme7+,$225.19 USD,ASRock,Z170 Extreme7+,4717677326888,1151,Z170,True,ATX,DDR4,64 GB,4,10,0,1.0,1.0,1.0,False
ASRock Z270 Extreme4,$256.04 USD,ASRock,90-MXB3N0-A0UAYZ,4717677332391,1151,Z270,True,ATX,DDR4,64 GB,4,8,0,0.0,0.0,0.0,False
ASRock Z270 Taichi,$167.47 USD,ASRock,90-MXB4P0-A0UAYZ,4717677332766,1151,Z270,True,ATX,DDR4,64 GB,4,10,0,0.0,0.0,0.0,False
ASRock Z370 Extreme4,$176.98 USD,ASRock,90-MXB5U0-A0UAYZ,4717677334227,1151,Z370,True,ATX,DDR4,64 GB,4,8,0,0.0,0.0,0.0,False
ASRock Z370 Taichi,$210.86 USD,ASRock,90-MXB5Y0-A0UAYZ,4717677334340,1151,Z370,True,ATX,DDR4,64 GB,4,8,0,0.0,0.0,0.0,False
ASRock Z370M ITX/ac,$154.82 USD,ASRock,90-MXB620-A0UAYZ,4717677334371,1151,Z370,True,Mini-ITX,DDR4,32 GB,2,6,0,0.0,0.0,0.0,False
ASRock Z390 M Pro 4,$122.27 USD,ASRock,90-MXB740-A0UAYZ,4717677336801,1151,Z390,False,Micro-ATX,DDR4,64 GB,4,4,0,0.0,0.0,1.0,False
ASRock Z390 Phantom Gaming 4,$148.75 USD,ASRock,90-MXB8X0-A0UAYZ,4717677336924,1151,Z390,False,ATX,DDR4,64 GB,4,4,0,0.0,0.0,1.0,False
ASRock Z390 Phantom Gaming-ITX/AC,$208.47 USD,ASRock,90-MXB8L0-A0UAYZ,4717677336832,1151,Z390,False,Mini-ITX,DDR4,64 GB,2,4,0,0.0,1.0,1.0,False
ASRock Z390 Pro 4,$116.05 USD,ASRock,90-MXB6T0-A0UAYZ,4717677336733,1151,Z390,False,ATX,DDR4,64 GB,4,4,0,0.0,0.0,1.0,False
ASRock Z390 Taichi Ultimate,$300.36 USD,ASRock,90-MXB8G0-A0UAYZ,4717677336757,1151,Z390,False,ATX,DDR4,64 GB,4,4,0,0.0,0.0,1.0,False
ASRock Z390M-ITX/AC,$135.62 USD,ASRock,90-MXB6Q0-A0UAYZ,4717677336795,1151,Z390,False,Mini-ITX,DDR4,64 GB,2,4,0,0.0,1.0,2.0,False
ASRock Z490 Taichi,$365.71 USD,ASRock,90-MXBBQ0-A0UAYZ,4710483931185,1200,Z490,True,ATX,DDR4,128 GB,4,8,0,0.0,0.0,0.0,False
ASRock Z490M Pro4,$178.82 USD,ASRock,90-MXBBV0-A0UAYZ,4710483930713,1200,Z490,True,ATX,DDR4,128 GB,4,4,0,0.0,0.0,0.0,False
ASRock Z490M-ITX/ac,$155.32 USD,ASRock,90-MXBC00-A0UAYZ,4710483931147,1200,Z490,True,Mini-ITX,DDR4,64 GB,2,4,0,0.0,0.0,0.0,False
ASUS H110M-K,$63.43 USD,ASUS,90MB0PH0-M0EAY0,4712900263374,1151,H110,False,Micro-ATX,DDR4,32 GB,2,4,0,0.0,0.0,0.0,False
Asus H170 PRO GAMING,$129.35 USD,Asus,H170 PRO GAMING,5283566775086,1151,H170,False,ATX,DDR4,64 GB,4,4,1,1.0,1.0,1.0,False
ASUS H81M-Plus,$61.22 USD,ASUS,90MB0GI0-M0EAY0,4716659550242,1150,H81,False,Micro-ATX,DDR3,16 GB,2,2,0,0.0,0.0,0.0,False
ASUS Maximus X HERO + ASUS ROG Magnetic Addressable-RGB-LED-Strip,$10.84 USD,King Kits,MBBU-330,0,1151,Z370,True,ATX,DDR4,64 GB,4,6,0,0.0,0.0,0.0,False
ASUS PRIME A320M-K,$49.96 USD,ASUS,90MB0TV0-M0EAY0,4712900672060,AM4,A320,False,Micro-ATX,DDR4,32 GB,2,4,0,0.0,0.0,0.0,False
ASUS PRIME B250-PLUS,$118.76 USD,ASUS,90MB0SJ0-M0EAY0,4712900598070,1151,B250,False,ATX,DDR4,64 GB,4,6,0,0.0,0.0,0.0,False
ASUS PRIME B350M-A,$89.87 USD,ASUS,90MB0TE0-M0EAY0,4712900673586,AM4,B350,True,Micro-ATX,DDR4,64 GB,4,6,0,0.0,0.0,0.0,False
ASUS PRIME H310M-E R2.0,$42.7 USD,ASUS,90MB0Z20-M0EAY0,4718017030601,1151,H310,False,Micro-ATX,DDR4,64 GB,2,4,0,0.0,0.0,1.0,False
ASUS PRIME H370-A,$108.8 USD,ASUS,90MB0XN0-M0EAY0,4712900960129,1151,H370,False,ATX,DDR4,64 GB,4,6,0,0.0,0.0,0.0,False
"ASUS Prime X570-P, AMD X570",$175.53 USD,ASUS,90MB11N0-M0EAY0,4718017263818,AM4,X570,True,ATX,DDR4,128 GB,4,6,0,0.0,0.0,0.0,False
ASUS PRIME Z390-P,$132.74 USD,ASUS,90MB0XX0-M0EAY0,4718017128490,1151,Z390,False,ATX,DDR4,64 GB,4,4,0,0.0,0.0,0.0,False
ASUS PRIME Z690-A,$225.35 USD,ASUS,90MB18L0-M0EAY0,4711081447320,1700,Z690,True,ATX,DDR5,128 GB,4,4,0,0.0,1.0,1.0,False
ASUS Prime Z790-P WiFi,$210.35 USD,ASUS,90MB1CJ0-M0EAY0,4711081937227,1700,Z790,False,ATX,DDR5,128 GB,4,4,0,0.0,1.0,1.0,True
ASUS ProART Z490-CREATOR 10G,$335.81 USD,ASUS,90MB14E0-M0EAY0,4718017606554,1200,Z490,True,ATX,DDR4,128 GB,4,6,0,0.0,0.0,1.0,False
"ASUS ROG Crosshair VIII Formula, AMD X570",$536.04 USD,ASUS,90MB10Z0-M0EAY0,4718017386647,AM4,X570,True,ATX,DDR4,128 GB,4,8,0,0.0,0.0,0.0,False
"ASUS ROG Crosshair VIII Hero, AMD X570",$362.68 USD,ASUS,90MB1100-M0EAY0,4718017393751,AM4,X570,True,ATX,DDR4,128 GB,4,8,0,0.0,0.0,0.0,False
ASUS ROG Crosshair X670E Gene,$587.55 USD,ASUS,90MB1B80-M0EAY0,4711081894537,AM5,X670E,False,Micro-ATX,DDR5,64 GB,2,4,0,0.0,1.0,0.0,True
ASUS ROG Crosshair X670E Hero,$645.58 USD,ASUS,90MB1BC0-M0EAY0,4711081862420,AM5,X670E,False,ATX,DDR5,128 GB,4,6,0,0.0,1.0,0.0,True
ASUS ROG MAXIMUS X HERO Wi-Fi,$253.87 USD,ASUS,90MB0W20-M0EAY0,4712900864113,1151,Z370,True,ATX,DDR4,64 GB,4,6,0,0.0,0.0,0.0,False
ASUS ROG Maximus XI FORMULA,$440.14 USD,ASUS,90MB0XU0-M0EAY0,4718017131285,1151,Z390,False,ATX,DDR4,64 GB,4,6,0,0.0,0.0,0.0,False
ASUS ROG Maximus XI GENE,$429.38 USD,ASUS,90MB10E0-M0EAY0,4718017141437,1151,Z390,False,Micro-ATX,DDR4,64 GB,2,4,0,0.0,0.0,0.0,False
ASUS ROG Maximus XI HERO,$256.2 USD,ASUS,90MB0XS0-M0EAY0,4718017127707,1151,Z390,False,ATX,DDR4,64 GB,4,6,0,0.0,0.0,0.0,False
ASUS ROG Maximus XI HERO Wi-Fi,$290.14 USD,ASUS,90MB0XR0-M0EAY0,4718017124133,1151,Z390,False,ATX,DDR4,64 GB,4,4,0,0.0,0.0,0.0,False
ASUS ROG MAXIMUS Z690 EXTREME,$1077.18 USD,ASUS,90MB18H0-M0EAY0,4711081462743,1700,Z690,True,E-ATX,DDR5,128 GB,4,6,0,0.0,0.0,1.0,True
ASUS ROG MAXIMUS Z690 FORMULA,$659.35 USD,ASUS,90MB18G0-M0EAY0,4711081483182,1700,Z690,True,ATX,DDR5,128 GB,4,6,0,0.0,0.0,1.0,True
ASUS ROG Rampage VI Extreme OMEGA,$843.01 USD,ASUS,90MB0ZJ0-M0EAY0,4718017225656,2066,X299,True,E-ATX,DDR4,128 GB,8,6,0,0.0,0.0,0.0,False
"ASUS ROG Strix B450-F Gaming, AMD B450",$126.93 USD,ASUS,90MB0YS0-M0EAY0,4718017080279,AM4,B450,True,ATX,DDR4,64 GB,4,6,0,0.0,1.0,1.0,False
"ASUS ROG Strix B450-I Gaming, AMD B450",$204.44 USD,ASUS,90MB0Z50-M0EAY0,4718017081115,AM4,B450,True,Mini-ITX,DDR4,32 GB,2,4,0,0.0,0.0,0.0,False
ASUS ROG Strix X299-E Gaming,$316.51 USD,ASUS,90MB0U50-M0EAY0,4712900773095,2066,X299,True,ATX,DDR4,128 GB,8,8,0,0.0,0.0,0.0,False
"ASUS ROG Strix X570-F Gaming, AMD X570",$291.59 USD,ASUS,90MB1160-M0EAY0,4718017378956,AM4,X570,True,ATX,DDR4,128 GB,4,8,0,0.0,0.0,0.0,False
ASUS ROG Strix Z390-E Gaming,$253.87 USD,ASUS,90MB0YF0-M0EAY1,4718017122832,1151,Z390,False,ATX,DDR4,64 GB,4,4,0,0.0,1.0,1.0,False
ASUS ROG Strix Z390-F Gaming,$215.73 USD,ASUS,90MB0YG0-M0EAY0,4718017051767,1151,Z390,False,ATX,DDR4,64 GB,4,4,0,0.0,1.0,1.0,False
ASUS ROG Strix Z390-H Gaming,$195.81 USD,ASUS,90MB0YU0-M0EAY0,4718017122429,1151,Z390,False,ATX,DDR4,64 GB,4,4,0,0.0,1.0,1.0,False
ASUS ROG Strix Z390-I Gaming,$232.29 USD,ASUS,90MB0YB0-M0EAY0,4718017052412,1151,Z390,False,ATX,DDR4,64 GB,4,4,0,0.0,1.0,1.0,False
ASUS ROG Strix Z490-F Gaming,$338.91 USD,ASUS,90MB12Q0-M0EAY0,4718017674300,1200,Z490,True,ATX,DDR4,128 GB,4,6,0,0.0,0.0,0.0,False
ASUS ROG Strix Z490-H Gaming,$229.78 USD,ASUS,90MB12S0-M0EAY0,4718017674287,1200,Z490,True,ATX,DDR4,128 GB,4,6,0,0.0,0.0,0.0,False
"ASUS TUF B450M-Plus Gaming, AMD B450",$86.31 USD,ASUS,90MB0YQ0-M0EAY0,4718017020428,AM4,B450,True,Micro-ATX,DDR4,64 GB,4,6,0,0.0,0.0,1.0,False
"ASUS TUF Gaming X570-Plus (WI-FI), AMD X570",$536.05 USD,ASUS,90MB1170-M0EAY0,4718017388498,AM4,X570,True,ATX,DDR4,128 GB,4,8,0,0.0,1.0,1.0,False
ASUS TUF Z370-PLUS Gaming,$349.51 USD,ASUS,90MB0VF0-M0EAY0,4712900848960,1151,Z370,True,ATX,DDR4,64 GB,4,6,0,0.0,0.0,0.0,False
ASUS TUF Z390-PRO Gaming,$177.6 USD,ASUS,90MB0YA0-M0EAY0,4718017125550,1151,Z390,False,ATX,DDR4,64 GB,4,4,0,0.0,0.0,1.0,False
ASUS WS X299 SAGE/10G,$677.79 USD,ASUS,90SW00H0-M0EAY0,4712900952001,2066,X299,True,CEB,DDR4,128 GB,8,8,0,0.0,0.0,0.0,False
ASUS X99-E WS USB 3.1,$518.63 USD,ASUS,90SB05D0-M0EAY0,4712900074536,2011-V3,X99,False,"XL-ATX, CEB",DDR4,128 GB,8,12,0,0.0,0.0,0.0,False
ASUS Z170-A,$152.56 USD,ASUS,90MB0LS0-M0EAY0,4712900113839,1151,Z170,True,ATX,DDR4,64 GB,4,6,0,0.0,0.0,0.0,False
EVGA X299 Dark,$456.98 USD,EVGA,151-SX-E299-KR,4250812421418,2066,X299,True,ATX,DDR4,64 GB,4,8,MPN,0.0,0.0,0.0,False
EVGA X299 FTW-K,$171.51 USD,EVGA,142-SX-E297-KR,4250812421401,2066,X299,True,E-ATX,DDR4,128 GB,8,8,MPN,0.0,0.0,0.0,False
EVGA X299 Micro,$269.26 USD,EVGA,131-SX-E295-KR,4250812421395,2066,X299,True,Micro-ATX,DDR4,64 GB,4,6,MPN,0.0,0.0,0.0,False
EVGA Z370 Classified K,$222.86 USD,EVGA,134-KS-E379-KR,4250812422576,1151,Z370,True,ATX,DDR4,64 GB,4,4,MPN,0.0,0.0,0.0,False
EVGA Z370 FTW,$189.83 USD,EVGA,134-KS-E377-KR,4250812421623,1151,Z370,True,ATX,DDR4,64 GB,4,6,MPN,0.0,0.0,0.0,False
EVGA Z370 Micro ATX,$139.58 USD,EVGA,121-KS-E375-KR,4250812421708,1151,Z370,True,Micro-ATX,DDR4,32 GB,2,6,MPN,0.0,0.0,0.0,False
Gigabyte 970A-DS3P,$74.63 USD,Gigabyte,GA-970A-DS3P,4719331814229,AM3+,970,False,ATX,DDR3,32 GB,4,6,0,0.0,0.0,0.0,False
Gigabyte 970A-DS3P FX,$74.63 USD,Gigabyte,GA-970A-DS3P FX,4719331802233,AM3+,990FX,False,ATX,DDR3,32 GB,4,6,0,0.0,0.0,0.0,False
Gigabyte A320M-S2H,$65.28 USD,Gigabyte,GA-A320M-S2H,4719331802530,AM4,A320,False,Micro-ATX,DDR4,32 GB,2,4,0,0.0,0.0,0.0,False
Gigabyte A520I AC,$71.72 USD,Gigabyte,A520I AC,4719331809867,AM4,A520,False,Mini-ITX,DDR4,64 GB,2,4,0,0.0,1.0,2.0,True
"Gigabyte AB350-Gaming 3, AMD B350",$154.58 USD,Gigabyte,GA-AB350-Gaming 3,4719331801281,AM4,B350,True,ATX,DDR4,64 GB,4,6,0,0.0,0.0,0.0,False
"Gigabyte AB350-Gaming, AMD B350",$115.65 USD,Gigabyte,GA-AB350-Gaming,4719331801366,AM4,B350,True,ATX,DDR4,64 GB,4,6,0,0.0,0.0,0.0,False
"Gigabyte AB350M Gaming 3, AMD B350-",$97.98 USD,Gigabyte,GA-AB350M-Gaming 3,4719331801373,AM4,B350,True,Micro-ATX,DDR4,64 GB,4,6,0,0.0,0.0,0.0,False
Gigabyte Aorus X299 Ultra Gaming Pro,$293.77 USD,Gigabyte,X299 AORUS ULTRA GAMING PRO,4719331801984,2066,X299,True,ATX,DDR4,128 GB,8,6,0,0.0,0.0,0.0,False
Gigabyte Aorus X299-Gaming 7,$413.46 USD,Gigabyte,X299 AORUS Gaming 7,4719331801748,2066,X299,True,ATX,DDR4,128 GB,8,8,0,0.0,0.0,0.0,False
Gigabyte Aorus X299-Gaming 9,$413.46 USD,Gigabyte,X299 AORUS Gaming 9,4719331801670,2066,X299,True,ATX,DDR4,128 GB,8,8,0,0.0,0.0,0.0,False
Gigabyte Aorus X299-Ultra Gaming,$401.5 USD,Gigabyte,X299 AORUS Ultra Gaming,4719331801762,2066,X299,True,ATX,DDR4,128 GB,8,8,0,0.0,0.0,0.0,False
Gigabyte Aorus Z270X-Gaming K5,$202.36 USD,Gigabyte,GA-Z270X-Gaming K5,4719331846398,1151,Z270,True,ATX,DDR4,64 GB,4,6,0,0.0,0.0,0.0,False
"Gigabyte AX370-Gaming 3, AMD X370",$107.19 USD,Gigabyte,AX370-GAMING 3,4719331802745,AM4,X370,True,ATX,DDR4,64 GB,4,6,0,0.0,0.0,1.0,False
"Gigabyte AX370-Gaming 5, AMD X370",$160.76 USD,Gigabyte,GA-AX370-Gaming 5,4719331801267,AM4,X370,True,ATX,DDR4,64 GB,4,4,0,0.0,0.0,0.0,False
"Gigabyte AX370-Gaming K3, AMD X370",$111.08 USD,Gigabyte,GA-AX370-Gaming K3,4719331801359,AM4,X370,True,ATX,DDR4,64 GB,4,8,0,0.0,0.0,0.0,False
"Gigabyte AX370-Gaming K5, AMD X370-",$142.6 USD,Gigabyte,GA-AX370-Gaming K5,4719331801342,AM4,X370,True,ATX,DDR4,64 GB,4,8,0,0.0,0.0,0.0,False
"Gigabyte AX370-Gaming K7, AMD X370",$231.09 USD,Gigabyte,GA-AX370-Gaming K7,4719331801335,AM4,X370,True,ATX,DDR4,64 GB,4,8,0,0.0,0.0,0.0,False
Gigabyte B150M-D3H,$91.39 USD,Gigabyte,GA-B150M-D3H,4719331830243,1151,B150,False,Micro-ATX,DDR4,64 GB,4,6,1,1.0,0.0,1.0,False
Gigabyte B250-FinTech 11+1 BTC Edition,$98.29 USD,Gigabyte,GA-B250-FINTECH,889523012437,1151,B250,False,ATX,DDR4,64 GB,4,6,0,0.0,0.0,0.0,False
Gigabyte B250M-D3H,$90.1 USD,Gigabyte,GA-B250M-D3H,4719331847241,1151,B250,False,Micro-ATX,DDR4,64 GB,4,6,0,0.0,0.0,0.0,False
Gigabyte B360 Aorus Gaming 3 WIFI,$120.72 USD,Gigabyte,B360 Aorus Gaming 3 WIFI,4719331802868,1151,B360,False,ATX,DDR4,64 GB,4,6,0,0.0,0.0,1.0,False
Gigabyte B360N WIFI,$340.71 USD,Gigabyte,B360N WIFI,4719331803360,1151,B360,False,Mini-ITX,DDR4,32 GB,2,4,0,0.0,0.0,2.0,False
"Gigabyte B450 Aorus Elite, AMD B450",$110.49 USD,Gigabyte,B450 Aorus Elite,4719331803995,AM4,B450,True,ATX,DDR4,64 GB,4,6,0,0.0,0.0,1.0,False
"Gigabyte B450 I Aorus Pro WiFi, AMD B450",$108.8 USD,Gigabyte,B450 I Aorus Pro WiFi,4719331803988,AM4,B450,True,Mini-ITX,DDR4,32 GB,2,4,0,0.0,0.0,2.0,False
Gigabyte B450M DS3H V2,$127.22 USD,Gigabyte,B450M DS3H V2,4719331810719,AM4,B450,True,Micro-ATX,DDR4,128 GB,4,4,0,1.0,0.0,1.0,False
"Gigabyte B450M DS3H, AMD B450",$57.21 USD,Gigabyte,B450M DS3H,4719331803827,AM4,B450,True,Micro-ATX,DDR4,64 GB,4,4,0,0.0,0.0,1.0,False
Gigabyte B550 Aorus Elite AX V2,$144.34 USD,Gigabyte,B550 AORUS ELITE AX V2,4719331809904,AM4,B550,False,ATX,DDR4,128 GB,4,4,0,0.0,1.0,1.0,True
Gigabyte B550 Gaming X V2 Rev 1.1,$100.81 USD,Gigabyte,B550 GAMING X V2 1.1,4719331810702,AM4,B550,False,ATX,DDR4,128 GB,4,4,0,1.0,0.0,1.0,False
Gigabyte B550M Aorus Pro P,$129.83 USD,Gigabyte,B550M AORUS PRO-P,4719331810672,AM4,B550,False,Micro-ATX,DDR4,128 GB,4,4,0,0.0,1.0,1.0,False
Gigabyte B550M DS3H,$138.56 USD,Gigabyte,B550M DS3H,4719331809416,AM4,B550,False,Micro-ATX,DDR4,128 GB,2,4,0,1.0,0.0,1.0,False
Gigabyte B560M DS3H V2,$114.73 USD,Gigabyte,B560M DS3H V2,4719331823719,1200,B560,False,Micro-ATX,DDR4,128 GB,4,6,0,1.0,1.0,1.0,False
GIGABYTE B650M AORUS Elite AX (rev. 1.0),$181.34 USD,Gigabyte,B650M AORUS ELITE AX,4719331849399,AM5,B650,False,Micro-ATX,DDR5,128 GB,4,4,0,0.0,1.0,1.0,True
Gigabyte B660 A Master DDR4,$172.63 USD,Gigabyte,B660 A Master DDR4,4719331829988,1700,B660,False,ATX,DDR4,128 GB,4,4,0,0.0,1.0,1.0,True
Gigabyte B660 Gaming X AX DDR4,$208.18 USD,Gigabyte,B660 Gaming X AX DDR4,4719331835880,1700,B660,False,ATX,DDR4,128 GB,4,4,0,0.0,1.0,1.0,True
Gigabyte B660M DS3H AX DDR4,$137.08 USD,Gigabyte,B660M DS3H AX DDR4,4719331829971,1700,B660,False,ATX,DDR4,128 GB,4,4,0,0.0,1.0,1.0,True
Gigabyte B660M DS3H DDR4,$102.27 USD,Gigabyte,B660M DS3H DDR4,4719331830328,1700,B660,False,Micro-ATX,DDR4,128 GB,4,4,1,0.0,2.0,1.0,False
Gigabyte B660M G X AX DDR4,$145.07 USD,Gigabyte,B660M G X AX DDR4,4719331831356,1700,B660,False,Micro-ATX,DDR4,128 GB,4,4,0,0.0,1.0,1.0,True
Gigabyte GA-AB350M-DS3H,$54.4 USD,Gigabyte,GA-AB350M-DS3H,4719331802769,AM4,B350,True,Micro-ATX,DDR4,64 GB,4,4,0,0.0,0.0,0.0,False
Gigabyte H110-D3A BTC Edition,$83.55 USD,Gigabyte,GA-H110-D3A,4719331801847,1151,H110,False,ATX,DDR4,32 GB,2,4,0,0.0,0.0,0.0,False
Gigabyte H110TN-E,$69.0 USD,Gigabyte,GA-H110TN-E,4719331827335,1151,H110,False,Mini-ITX,"DDR4, SO - DIMM",32 GB,2,2,0,0.0,0.0,0.0,False
Gigabyte H270-HD3,$108.02 USD,Gigabyte,GA-H270-HD3,4719331847319,1151,H270,False,ATX,DDR4,64 GB,4,6,0,0.0,0.0,0.0,False
Gigabyte H270N-WIFI,$122.68 USD,Gigabyte,GA-H270N-WIFI,4719331847340,1151,H270,False,Mini-ITX,DDR4,32 GB,2,6,0,0.0,0.0,0.0,False
Gigabyte H310M S2H,$62.93 USD,Gigabyte,H310M S2H,4719331802936,1151,H310,False,ATX,DDR4,32 GB,2,4,0,0.0,0.0,0.0,False
Gigabyte H370 Aorus Gaming 3 WIFI,$137.81 USD,Gigabyte,H370 AORUS GAMING 3 WIFI,4719331802820,1151,H370,False,ATX,DDR4,64 GB,4,6,0,0.0,0.0,1.0,False
Gigabyte H370 HD3,$583.19 USD,Gigabyte,H370 HD3,4719331803285,1151,H370,False,ATX,DDR4,64 GB,4,6,0,0.0,0.0,1.0,False
Gigabyte H370M D3H GSM,$129.57 USD,Gigabyte,H370M D3H GSM,4719331803551,1151,H370,False,Micro-ATX,DDR4,64 GB,4,6,0,0.0,0.0,0.0,False
Gigabyte H610I DDR4,$175.78 USD,Gigabyte,H610I DDR4,4719331834562,1700,H610,False,Mini-ITX,DDR4,64 GB,2,4,0,0.0,2.0,1.0,False
Gigabyte H610M S2H DDR4,$87.04 USD,Gigabyte,H610M S2H DDR4,4719331830427,1700,H610,False,Micro-ATX,DDR4,64 GB,2,4,1,1.0,1.0,1.0,False
Gigabyte X299 UD4,$218.06 USD,Gigabyte,X299 UD4,4719331801779,2066,X299,True,ATX,DDR4,128 GB,8,8,0,0.0,0.0,0.0,False
Gigabyte X299 UD4 Pro,$244.84 USD,Gigabyte,X299 UD4 PRO,4719331801977,2066,X299,True,ATX,DDR4,128 GB,8,8,0,0.0,0.0,0.0,False
Gigabyte X299X Aorus Master,$420.11 USD,Gigabyte,X299X Aorus Master,4719331806996,2066,X299,True,E-ATX,DDR4,256 GB,8,8,0,0.0,0.0,0.0,False
Gigabyte X299X Designare 10G,$599.28 USD,Gigabyte,X299X DESIGNARE 10G,889523019627,2066,X299,True,E-ATX,DDR4,256 GB,8,8,0,0.0,0.0,0.0,False
Gigabyte X399 Aorus Xtreme,$446.69 USD,Gigabyte,X399 AORUS XTREME,4719331803896,TR4,X399,True,E-ATX,DDR4,128 GB,8,6,0,0.0,0.0,0.0,False
Gigabyte X470 Aorus Gaming 5 WiFi,$174.08 USD,Gigabyte,X470 Aorus Gaming 5 WiFi,4719331802950,AM4,X470,True,ATX,DDR4,64 GB,4,6,0,0.0,0.0,0.0,False
Gigabyte X470 Aorus Gaming 7 WiFi,$210.35 USD,Gigabyte,X470 AORUS GAMING 7 WIFI,4719331802943,AM4,X470,True,ATX,DDR4,64 GB,4,6,0,0.0,0.0,0.0,False
"Gigabyte X470 Aorus Ultra Gaming, AMD X470",$144.85 USD,Gigabyte,X470 AORUS ULTRA GAMING,4719331802967,AM4,X470,True,ATX,DDR4,64 GB,4,6,0,0.0,0.0,0.0,False
"Gigabyte X570 Aorus Master, AMD X570",$317.71 USD,Gigabyte,X570 Aorus Master,4719331805654,AM4,X570,True,ATX,DDR4,128 GB,4,6,0,0.0,0.0,1.0,False
"Gigabyte X570 Aorus Ultra, AMD X570",$282.08 USD,Gigabyte,X570 Aorus Ultra,4719331806415,AM4,X570,True,ATX,DDR4,128 GB,4,6,0,0.0,0.0,0.0,False
"Gigabyte X570 UD, AMD X570",$166.83 USD,Gigabyte,X570 UD,4719331806743,AM4,X570,True,ATX,DDR4,128 GB,4,6,0,0.0,0.0,1.0,False
GIGABYTE X670E AORUS Master,$463.5 USD,Gigabyte,X670E AORUS MASTER,4719331844363,AM5,X670E,False,E-ATX,DDR5,128 GB,4,6,0,0.0,1.0,1.0,True
Gigabyte Z170M-D3H,$108.44 USD,Gigabyte,GA-Z170M-D3H,4719331829292,1151,Z170,True,Micro-ATX,DDR4,64 GB,4,6,1,1.0,0.0,1.0,False
Gigabyte Z170X Ultra Gaming,$157.86 USD,Gigabyte,GA-Z170X-ULTRA GAMING,4719331821371,1151,Z170,True,ATX,DDR4,64 GB,4,6,0,0.0,0.0,0.0,False
Gigabyte Z270M-D3H,$161.03 USD,Gigabyte,GA-Z270M-D3H,4719331842352,1151,Z270,True,Micro-ATX,DDR4,64 GB,4,6,0,0.0,0.0,0.0,False
Gigabyte Z270N-WIFI,$144.21 USD,Gigabyte,GA-Z270N-WIFI,4719331847302,1151,Z270,True,Mini-ITX,DDR4,32 GB,2,6,0,0.0,0.0,0.0,False
Gigabyte Z370 Aorus Gaming 7 + 32GB Optane,$229.65 USD,Gigabyte,Z370 AORUS GAMING 7-OP,4719331803537,1151,Z370,True,ATX,DDR4,64 GB,4,6,0,0.0,0.0,0.0,False
Gigabyte Z370 Aorus Ultra Gaming WiFi,$173.6 USD,Gigabyte,Z370 AORUS ULTRA GAMING WIFI,4719331802776,1151,Z370,True,ATX,DDR4,64 GB,4,6,0,0.0,0.0,0.0,False
Gigabyte Z370 Aorus Ultra Gaming Wifi + 32GB Optane,$253.5 USD,Gigabyte,Z370 AORUS ULTRA GAMING WIFI-OP,4719331803520,1151,Z370,True,ATX,DDR4,64 GB,4,6,0,0.0,0.0,0.0,False
Gigabyte Z390 Aorus Elite,$134.19 USD,Gigabyte,Z390 AORUS ELITE,4719331804398,1151,Z390,False,ATX,DDR4,64 GB,4,4,0,0.0,0.0,1.0,False
Gigabyte Z390 Aorus Master,$297.4 USD,Gigabyte,Z390 AORUS MASTER,4719331804305,1151,Z390,False,ATX,DDR4,64 GB,4,4,0,0.0,0.0,1.0,False
Gigabyte Z390 Aorus Pro,$195.84 USD,Gigabyte,Z390 AORUS PRO,4719331804312,1151,Z390,False,ATX,DDR4,64 GB,4,4,0,0.0,0.0,1.0,False
Gigabyte Z390 Aorus Pro WiFi,$210.35 USD,Gigabyte,Z390 AORUS PRO WIFI,4719331804299,1151,Z390,False,ATX,DDR4,64 GB,4,6,0,0.0,0.0,1.0,False
Gigabyte Z390 Aorus Ultra,$224.86 USD,Gigabyte,Z390 AORUS ULTRA,4719331804381,1151,Z390,False,ATX,DDR4,64 GB,4,6,0,0.0,0.0,1.0,False
Gigabyte Z390 Aorus Xtreme,$557.2 USD,Gigabyte,Z390 AORUS XTREME,4719331804602,1151,Z390,False,ATX,DDR4,64 GB,4,6,0,0.0,0.0,0.0,False
Gigabyte Z390 Aorus Xtreme Waterforce,$877.7 USD,Gigabyte,Z390 AORUS XTREME WATERFORCE,4719331804862,1151,Z390,False,E-ATX,DDR4,64 GB,4,6,0,0.0,0.0,1.0,False
Gigabyte Z390 Designare,$282.88 USD,Gigabyte,Z390 Designare,4719331804640,1151,Z390,False,ATX,DDR4,64 GB,4,6,0,0.0,1.0,1.0,False
Gigabyte Z390 Gaming X,$122.49 USD,Gigabyte,Z390 GAMING X,4719331804367,1151,Z390,False,ATX,DDR4,64 GB,4,4,0,0.0,0.0,1.0,False
Gigabyte Z390 M Gaming,$147.92 USD,Gigabyte,Z390 M GAMING,4719331804428,1151,Z390,False,Micro-ATX,DDR4,64 GB,4,6,0,0.0,0.0,1.0,False
Gigabyte Z590 Aorus Pro AX,$265.58 USD,Gigabyte,Z590 AORUS PRO AX,4719331814427,1200,Z590,True,ATX,DDR4,128 GB,4,6,0,0.0,1.0,0.0,True
Gigabyte Z590 Vision G,$115.32 USD,Gigabyte,Z590 VISION G,4719331814496,1200,Z590,True,ATX,DDR4,128 GB,4,6,0,0.0,1.0,1.0,False
Gigabyte Z590I Aorus Ultra,$285.45 USD,Gigabyte,Z590I AORUS ULTRA,4719331814410,1200,Z590,True,Mini-ITX,DDR4,64 GB,2,4,0,0.0,1.0,1.0,True
"MSI A320M-A Pro, socket AM4",$68.19 USD,MSI,7C51-001R,4719072663889,AM4,A320,False,Micro-ATX,DDR4,32 GB,2,4,0,0.0,0.0,0.0,False
MSI A520M Pro,$69.73 USD,MSI,7D14-005R,4719072755492,AM4,A520,False,Micro-ATX,DDR4,64 GB,2,4,1,0.0,1.0,1.0,False
MSI A520M Vector WiFi,$94.29 USD,MSI,7D14-008R,4719072752583,AM4,A520,False,Micro-ATX,DDR4,64 GB,2,4,0,0.0,1.0,1.0,False
MSI A520M-A Pro,$72.53 USD,MSI,7C96-001R,4719072749927,AM4,A520,False,Micro-ATX,DDR4,64 GB,2,4,0,1.0,0.0,1.0,False
MSI B360 Gaming Plus,$163.21 USD,MSI,7B22-002R,4719072562823,1151,B360,False,ATX,DDR4,64 GB,4,5,0,0.0,0.0,0.0,False
"MSI B365M Pro-VH, socket 1151",$71.08 USD,MSI,7C31-004R,4719072622749,1151,B365,False,Micro-ATX,DDR4,32 GB,2,6,0,0.0,0.0,1.0,False
MSI B450 Gaming Plus,$101.55 USD,MSI,7B86-002R,4719072587062,AM4,B450,True,ATX,DDR4,64 GB,4,6,0,0.0,0.0,1.0,False
"MSI B450 Gaming Pro Carbon AC, AMD B450",$123.31 USD,MSI,7B85-001R,4719072587031,AM4,B450,True,ATX,DDR4,64 GB,4,6,0,0.0,1.0,1.0,False
MSI B450 Tomahawk Max II,$94.29 USD,MSI,7C02-014R,4719072764562,AM4,B450,True,ATX,DDR4,128 GB,4,6,0,1.0,0.0,1.0,False
"MSI B450-A Pro Max, AMD B450-, socket AM4",$94.29 USD,MSI,7B86-022R,4719072665975,AM4,B450,True,ATX,DDR4,64 GB,4,6,0,0.0,0.0,0.0,False
MSI B450M Gaming Plus,$96.46 USD,MSI,7B87-001R,4719072587024,AM4,B450,True,Micro-ATX,DDR4,32 GB,2,4,0,0.0,0.0,0.0,False
MSI B460I Gaming Edge WiFi,$145.07 USD,MSI,7C86-002R,4719072740320,1200,B460,False,Mini-ITX,DDR4,64 GB,2,4,0,0.0,1.0,1.0,True
MSI B550M Pro-VDH WiFi,$123.31 USD,MSI,7C95-001R,4719072733698,AM4,B550,False,Micro-ATX,DDR4,128 GB,4,4,0,0.0,1.0,1.0,True
MSI B560M Pro,$101.55 USD,MSI,7D20-001R,4719072802943,1200,B560,False,Micro-ATX,DDR4,64 GB,2,6,1,0.0,1.0,1.0,False
MSI B560M Pro-VDH,$116.05 USD,MSI,7D18-002R,4719072813444,1200,B560,False,Micro-ATX,DDR4,128 GB,4,6,1,0.0,1.0,1.0,False
MSI Creator X299,$529.52 USD,MSI,7B96-004R,4719072681487,2066,X299,True,E-ATX,DDR4,256 GB,8,8,0,0.0,0.0,0.0,False
MSI H270 Gaming Pro Carbon,$119.28 USD,MSI,7A64-001R,4719072496166,1151,H270,False,ATX,DDR4,64 GB,4,6,0,0.0,0.0,0.0,False
MSI H310-A Pro,$88.96 USD,MSI,7B83-001R,4719072564292,1151,H310,False,ATX,DDR4,32 GB,2,4,0,0.0,0.0,0.0,False
MSI H510I Pro WiFi,$122.57 USD,MSI,7D16-002R,4719072802882,1200,H510,False,Mini-ITX,DDR4,64 GB,2,4,0,0.0,1.0,1.0,True
MSI MAG B550 Tomahawk,$145.06 USD,MSI,7C91-001R,4719072728625,AM4,B550,False,ATX,DDR4,128 GB,4,6,0,0.0,1.0,1.0,False
MSI MAG B550M Mortar,$130.56 USD,MSI,7C94-006R,4719072727697,AM4,B550,False,Micro-ATX,DDR4,128 GB,4,6,0,0.0,1.0,1.0,False
MSI MAG B550M Mortar WiFi,$151.96 USD,MSI,7C94-001R,4719072728649,AM4,B550,False,Micro-ATX,DDR4,128 GB,4,6,0,0.0,1.0,1.0,True
MSI MAG B560M Bazooka,$115.32 USD,MSI,7D18-003R,4719072802936,1200,B560,False,Micro-ATX,DDR4,128 GB,4,6,0,0.0,1.0,1.0,False
MSI MAG B660 TOMAHAWK WIFI DDR4,$195.13 USD,MSI,7D41-001R,4719072903398,1700,B660,False,ATX,DDR4,128 GB,4,6,0,0.0,1.0,1.0,True
MSI MAG B660M BAZOOKA DDR4,$155.22 USD,MSI,7D43-004R,4719072921477,1700,B660,False,Micro-ATX,DDR4,128 GB,4,4,0,0.0,1.0,1.0,False
MSI MAG X570S Tomahawk WiFi,$232.11 USD,MSI,7D54-001R,4719072864217,AM4,X570,True,ATX,DDR4,128 GB,4,6,0,0.0,0.0,1.0,True
MSI MAG Z390 Tomahawk,$369.93 USD,MSI,7B18-001R,4719072595036,1151,Z390,False,ATX,DDR4,64 GB,4,4,0,0.0,1.0,1.0,False
MSI MAG Z490 Tomahawk,$118.87 USD,MSI,7C80-004R,4719072718978,1200,Z490,True,ATX,DDR4,128 GB,4,6,0,0.0,0.0,0.0,False
MSI MAG Z590 Tomahawk WiFi,$163.2 USD,MSI,7D08-001R,4719072800529,1200,Z590,True,ATX,DDR4,128 GB,4,6,0,0.0,1.0,1.0,True
MSI MAG Z590 Torpedo,$79.05 USD,MSI,7D08-003R,4719072800536,1200,Z590,True,ATX,DDR4,128 GB,4,6,0,0.0,1.0,1.0,True
MSI MEG B550 Unify,$319.35 USD,MSI,7D13-002R,4719072775056,AM4,B550,False,ATX,DDR4,128 GB,4,6,0,0.0,0.0,1.0,True
"MSI MEG X570 ACE, AMD X570",$362.68 USD,MSI,7C35-002R,4719072652487,AM4,X570,True,ATX,DDR4,128 GB,4,4,0,0.0,0.0,0.0,False
"MSI MEG X570 Godlike, AMD X570",$762.33 USD,MSI,7C34-002R,4719072652531,AM4,X570,True,E-ATX,DDR4,128 GB,4,6,0,0.0,0.0,0.0,False
"MSI MEG X570 Unifiy, AMD X570-, socket AM4",$282.17 USD,MSI,7C35-010R,4719072678661,AM4,X570,True,ATX,DDR4,128 GB,4,4,0,0.0,0.0,0.0,False
MSI MEG X570S ACE Max,$387.34 USD,MSI,7D50-001R,4719072872397,AM4,X570,True,ATX,DDR4,128 GB,4,8,0,0.0,0.0,0.0,True
MSI MEG Z390 ACE,$297.4 USD,MSI,7B12-004R,4719072595012,1151,Z390,False,ATX,DDR4,64 GB,4,6,0,0.0,0.0,0.0,False
MSI MEG Z390 Godlike,$609.31 USD,MSI,7B10-001R,4719072595005,1151,Z390,False,E-ATX,DDR4,64 GB,4,4,0,0.0,0.0,0.0,False
MSI MEG Z490 ACE,$245.89 USD,MSI,7C71-008R,4719072718923,1200,Z490,True,ATX,DDR4,128 GB,4,6,0,0.0,0.0,0.0,True
MSI MEG Z490 Godlike,$652.83 USD,MSI,7C70-005R,4719072719906,1200,Z490,True,E-ATX,DDR4,128 GB,4,6,0,0.0,0.0,0.0,True
MSI MEG Z590 ACE,$308.09 USD,MSI,7D04-001R,4719072800499,1200,Z590,True,ATX,DDR4,128 GB,4,6,0,0.0,1.0,1.0,True
MSI MEG Z590 ACE Gold Edition,$319.16 USD,MSI,7D04-002R,4719072830397,1200,Z590,True,ATX,DDR4,128 GB,4,6,0,0.0,2.0,1.0,True
MSI MEG Z590I Unify,$348.17 USD,MSI,7D05-001R,4719072802837,1200,Z590,True,Mini-ITX,DDR4,64 GB,2,4,0,0.0,1.0,1.0,True
MSI MPG B560I Gaming Edge WiFi,$151.59 USD,MSI,7D19-001R,4719072810580,1200,B560,False,Mini-ITX,DDR4,64 GB,2,4,0,0.0,1.0,1.0,True
"MSI MPG X570 Gaming Edge WiFi, AMD X570",$528.04 USD,MSI,7C37-001R,4719072652500,AM4,X570,True,ATX,DDR4,128 GB,4,6,0,0.0,0.0,1.0,False
"MSI MPG X570 Gaming Plus, AMD X570",$158.84 USD,MSI,7C37-004R,4719072652517,AM4,X570,True,ATX,DDR4,128 GB,4,6,0,0.0,0.0,1.0,False
"MSI MPG X570 Gaming Pro Carbon WiFi, AMD X570",$252.42 USD,MSI,7B93-001R,4719072652470,AM4,X570,True,ATX,DDR4,128 GB,4,6,0,0.0,0.0,1.0,False
MSI MPG X570S Carbon Max WiFi,$275.64 USD,MSI,7D52-001R,4719072874988,AM4,X570S,False,ATX,DDR4,128 GB,4,8,0,0.0,0.0,1.0,True
MSI MPG X570S Edge Max WiFi,$232.11 USD,MSI,7D53-003R,4719072872182,AM4,X570S,False,ATX,DDR4,128 GB,4,6,0,0.0,0.0,0.0,True
MSI MPG Z390 Gaming Edge AC,$166.83 USD,MSI,7B17-002R,4719072597399,1151,Z390,False,ATX,DDR4,64 GB,4,6,0,0.0,1.0,1.0,False
MSI MPG Z390 Gaming Plus,$145.07 USD,MSI,7B51-001R,4719072594534,1151,Z390,False,ATX,DDR4,64 GB,4,4,0,0.0,0.0,1.0,False
MSI MPG Z390 Gaming Pro Carbon,$203.1 USD,MSI,7B17-012R,4719072596477,1151,Z390,False,ATX,DDR4,64 GB,4,6,0,0.0,1.0,1.0,False
MSI MPG Z390 Gaming Pro Carbon AC,$575.74 USD,MSI,7B17-008R,4719072595029,1151,Z390,False,ATX,DDR4,64 GB,4,4,0,0.0,1.0,1.0,False
MSI MPG Z390M Gaming Edge AC,$181.34 USD,MSI,7B50-002R,4719072598723,1151,Z390,False,Micro-ATX,DDR4,64 GB,4,4,0,0.0,0.0,0.0,False
MSI MPG Z490 Gaming Edge WiFi,$164.59 USD,MSI,7C79-005R,4719072721992,1200,Z490,True,ATX,DDR4,128 GB,4,6,0,0.0,1.0,1.0,True
MSI MPG Z490 Gaming Plus,$152.34 USD,MSI,7C75-007R,4719072722005,1200,Z490,True,ATX,DDR4,128 GB,4,6,0,0.0,1.0,1.0,False
MSI MPG Z590 Gaming Carbon WiFi,$207.77 USD,MSI,7D06-001R,4719072800505,1200,Z590,True,ATX,DDR4,128 GB,4,6,0,0.0,1.0,1.0,True
MSI MPG Z590 Gaming Edge WiFi,$181.34 USD,MSI,7D07-001R,4719072802844,1200,Z590,True,ATX,DDR4,128 GB,4,6,0,0.0,1.0,1.0,True
MSI MPG Z590 Gaming Force,$226.65 USD,MSI,7D06-003R,4719072800512,1200,Z590,True,ATX,DDR4,128 GB,4,6,0,0.0,1.0,1.0,False
MSI MPG Z590 Gaming Plus,$207.75 USD,MSI,7D07-002R,4719072802868,1200,Z590,True,ATX,DDR4,128 GB,4,6,0,0.0,1.0,1.0,False
"MSI Prestige X570 Creation, AMD X570",$826.16 USD,MSI,7C36-002R,4719072652494,AM4,X570,True,E-ATX,DDR4,128 GB,4,6,0,0.0,0.0,0.0,False
MSI PRO B660M-A DDR4,$122.57 USD,MSI,7D43-001R,4719072921460,1700,B660,False,Micro-ATX,DDR4,128 GB,4,4,0,0.0,2.0,2.0,False
MSI PRO B660M-A WIFI DDR4,$129.83 USD,MSI,7D43-002R,4719072912444,1700,B660,False,Micro-ATX,DDR4,128 GB,4,4,0,0.0,2.0,2.0,True
MSI PRO B660M-B DDR4,$100.81 USD,MSI,7D45-004R,4719072938550,1700,B660,False,Micro-ATX,DDR4,64 GB,2,4,1,0.0,0.0,1.0,False
MSI Pro B760M-A WiFi DDR4,$148.69 USD,MSI,7D99-001R,4711377026383,1700,B760,False,Micro-ATX,DDR4,128 GB,4,4,0,0.0,2.0,2.0,True
MSI Pro X670-P Wifi,$203.1 USD,MSI,7D67-001R,4711377004695,AM5,X670E,False,ATX,DDR5,128 GB,4,6,0,0.0,2.0,1.0,True
MSI TRX40 Pro WiFi,$442.47 USD,MSI,7C60-005R,4719072685089,TRX40,TRX40,False,ATX,DDR4,256 GB,8,8,0,0.0,0.0,0.0,False
MSI X299 Gaming Pro Carbon,$308.45 USD,MSI,7A95-002R,4719072525972,2066,X299,True,ATX,DDR4,128 GB,8,8,0,0.0,0.0,0.0,False
MSI X370 Gaming Pro Carbon,$123.31 USD,MSI,7A32-001R,4719072512224,AM4,X370,True,ATX,DDR4,64 GB,4,6,0,0.0,0.0,0.0,False
MSI X370 Xpower Gaming Titanium,$181.34 USD,MSI,7A31-001R,4719072509569,AM4,X370,True,ATX,DDR4,64 GB,4,5,0,0.0,0.0,0.0,False
MSI X399 SLI Plus,$323.58 USD,MSI,7B09-008R,4719072542986,TR4,X399,True,ATX,DDR4,128 GB,8,8,0,0.0,0.0,0.0,False
"MSI X470 Gaming Plus Max, AMD X470-, socket AM4",$101.55 USD,MSI,7B79-017R,4719072667658,AM4,X470,True,ATX,DDR4,64 GB,4,6,0,0.0,0.0,0.0,False
"MSI X570-A Pro, AMD X570",$141.44 USD,MSI,7C37-003R,4719072652524,AM4,X570,True,ATX,DDR4,128 GB,4,6,0,0.0,0.0,1.0,False
MSI Z270 Gaming M7,$314.46 USD,MSI,7A57-001R,4719072496203,1151,Z270,True,ATX,DDR4,64 GB,4,6,0,0.0,0.0,0.0,False
MSI Z270I Gaming Pro Carbon AC,$168.82 USD,MSI,7A66-001R,4719072490614,1151,Z270,True,Mini-ITX,DDR4,32 GB,2,4,0,0.0,0.0,0.0,False
MSI Z390-A Pro,$309.71 USD,MSI,7B98-001R,4719072594152,1151,Z390,False,ATX,DDR4,64 GB,4,4,0,0.0,1.0,0.0,False
MSI Z490-A Pro,$108.07 USD,MSI,7C75-003R,4719072722340,1200,Z490,True,ATX,DDR4,128 GB,4,6,0,0.0,1.0,1.0,False
MSI Z590 Pro WiFi,$150.87 USD,MSI,7D09-001R,4719072801274,1200,Z590,True,ATX,DDR4,128 GB,4,6,0,0.0,1.0,1.0,True
MSI Z590-A Pro,$130.56 USD,MSI,7D09-003R,4719072800543,1200,Z590,True,ATX,DDR4,128 GB,4,6,0,0.0,1.0,1.0,False
"NZXT N7 Z370, black",$217.98 USD,NZXT,N7-Z37XT-B1,5060301693665,1151,Z370,True,ATX,DDR4,64 GB,4,4,0,0.0,0.0,0.0,False
"NZXT N7 Z370, white",$278.97 USD,NZXT,N7-Z37XT-W1,5060301693658,1151,Z370,True,ATX,DDR4,64 GB,4,4,0,0.0,0.0,0.0,False
"NZXT N7 Z390 Intel Z390 , white",$254.96 USD,NZXT,N7-Z39XT-W1,5060301694716,1151,Z390,False,ATX,DDR4,64 GB,4,4,0,0.0,0.0,0.0,False
Supermicro Supero C7Z370-CG-L Single,$184.46 USD,Supermicro,MBD-C7Z370-CG-L-O,672042289745,1151,Z370,True,ATX,DDR4,64 GB,4,6,0,0.0,0.0,0.0,False
