Nombre,Precio,Proveedor,MPN,EAN,Tipo de RAM,Tamaño,Reloj,Tiempos,Sticks
Corsair Vengeance RGB RS,$61.19 USD,Corsair,CMG16GX4M2E3200C16,840006649007,DDR4-3200,16 GB,3200,16-20-20-38,2
ADATA XPG Spectrix RGB D60G grey,$131.73 USD,ADATA,AX4U360038G17-DT60,4710273772011,DDR4-3600,16 GB,3600,17-18-18,2
Corsair Dominator Platinum + AF,$256.78 USD,Corsair,CMD16GX4M2B3600C18,843591090681,DDR4-3600,16 GB,3600,18-19-19-39,2
Corsair Dominator Platinum RGB Series,$92.75 USD,Corsair,CMT16GX4M2Z3200C16,840006609452,DDR4-3200,16 GB,3200,16-18-18-36,2
Corsair Dominator Platinum RGB Series,$111.69 USD,Corsair,CMT16GX4M2C3600C18,840006607311,DDR4-3600,16 GB,3600,18-19-19-39,2
Corsair Dominator Platinum RGB Series,$133.69 USD,Corsair,CMT32GX4M2C3200C16,840006607342,DDR4-3200,32 GB,3200,16-18-18-36,2
Corsair Dominator Platinum RGB Series,$145.07 USD,Corsair,CMT16GX4M2C3200C16,840006607304,DDR4-3200,16 GB,3200,16-18-18-36,2
Corsair Dominator Platinum RGB Series,$297.4 USD,Corsair,CMT32GX4M4Z3200C16,840006609476,DDR4-3200,32 GB,3200,16-18-18-36,2
Corsair Dominator Platinum Series 16GB,$262.93 USD,Corsair,CMD16GX4M2B3466C16,843591029780,DDR4-3466,16 GB,3466,16-18-18-36,2
Corsair Dominator Platinum Series 32GB,$244.44 USD,Corsair,CMD32GX4M2C3200C16,843591084703,DDR4-3200,32 GB,3200,16-18-18-36,2
Corsair Dominator Platinum Series DDR4-3200,$108.8 USD,Corsair,CMD16GX4M2B3200C16,843591073073,DDR4-3200,16 GB,3200,16-18-18-36,2
Corsair LED 32GB,$272.78 USD,Corsair,CMU32GX4M2C3200C16,843591090346,DDR4-3200,32 GB,3200,16-18-18-36,2
Corsair LPX 16GB,$81.23 USD,Corsair,CMK16GX4M2B3000C15B,6907502584073,DDR4-3000,16 GB,3000,15-17-17-35,2
Corsair LPX 16GB,$97.92 USD,Corsair,CMK16GX4M2Z2666C16,843591028479,DDR4-2666,16 GB,2666,16-18-18-35,2
Corsair LPX 16GB,$119.68 USD,Corsair,CMK16GX4M2A2400C16R,6907502583564,DDR4-2400,16 GB,2400,16-16-16-39,2
Corsair LPX 32GB,$76.16 USD,Corsair,CMK32GX4M2A2400C16,843591085564,DDR4-2400,32 GB,2400,16-16-16-39,2
Corsair LPX 32GB,$134.13 USD,Corsair,CMK32GX4M2B3200C16,843591070492,DDR4-3200,32 GB,3200,16-18-18-36,2
Corsair LPX 32GB,$143.81 USD,Corsair,CMK32GX4M2A2400C14R,843591070577,DDR4-2400,32 GB,2400,14-16-16-31,2
Corsair LPX 32GB,$149.95 USD,Corsair,CMK32GX4M2B3466C16R,843591094139,DDR4-3466,32 GB,3466,16-18-18-36,2
Corsair RGB 16GB,$137.81 USD,Corsair,CMR16GX4M2C3200C16,843591097208,DDR4-3200,16 GB,3200,16-18-18-36,2
"Corsair Vengeance LPX red + AF, DDR4-3600, CL 18 - 16 GB Dual Kit",$223.13 USD,Corsair,CMK16GX4M2B3600C18R,843591084475,DDR4-3600,16 GB,3600,18-19-19-39,2
Corsair Vengeance LPX black + AF,$108.8 USD,Corsair,CMK16GX4M2B3600C18,843591084451,DDR4-3600,16 GB,3600,18-19-19-39,2
"Corsair Vengeance LPX Series red DDR4-2666, CL16 - 16 GB Quad Kit",$102.05 USD,Corsair,CMK16GX4M4A2666C16R,843591056410,DDR4-2666,16 GB,2666,16-18-18-35,4
"Corsair Vengeance LPX Series black DDR4-2400, CL14 - 32 GB Kit",$182.79 USD,Corsair,CMK32GX4M4A2400C14,843591054980,DDR4-2400,32 GB,2400,14-16-16-31,4
"Corsair Vengeance LPX Series black DDR4-3000, CL15 - 8 GB Kit",$95.14 USD,Corsair,CMK8GX4M2B3000C15,843591069663,DDR4-3000,8 GB,3000,15-17-17-35,2
Corsair Vengeance LPX Series black DDR4-3200,$47.14 USD,Corsair,CMK16GX4M2B3200C16,843591070454,DDR4-3200,16 GB,3200,16-18-18-36,2
"Corsair Vengeance LPX Series black DDR4-3466, CL16 - 16 GB Kit",$210.35 USD,Corsair,CMK16GX4M2B3466C16,843591083072,DDR4-3466,16 GB,3466,16-18-18-36,2
Corsair Vengeance LPX Series white,$47.13 USD,Corsair,CMK16GX4M2B3200C16W,843591088381,DDR4-3200,16 GB,3200,16-18-18-36,2
"Corsair Vengeance LPX Series white, DDR4-3200, CL 16 - 32 GB Dual-Kit",$139.36 USD,Corsair,CMK32GX4M2B3200C16W,843591088411,DDR4-3200,32 GB,3200,16-18-18-36,2
Corsair Vengeance RGB Pro Series black,$50.04 USD,Corsair,CMW16GX4M2C3200C16,843591075381,DDR4-3200,16 GB,3200,16-18-18-36,2
Corsair Vengeance RGB Pro Series black,$90.66 USD,Corsair,CMW16GX4M2C3600C18,843591076951,DDR4-3600,16 GB,3600,18-19-19-39,2
Corsair Vengeance RGB Pro Series black,$101.55 USD,Corsair,CMW32GX4M2Z3600C18,840006621003,DDR4-3600,32 GB,3600,18-22-22-42,2
Corsair Vengeance RGB Pro Series black,$134.33 USD,Corsair,CMW16GX4M2C3200C14,843591024327,DDR4-3200,16 GB,3200,14-14-14-34,2
Corsair Vengeance RGB Pro Series black,$137.81 USD,Corsair,CMW16GX4M2C3466C16,843591098908,DDR4-3466,16 GB,3466,16-18-18-36,2
Corsair Vengeance RGB Pro Series black,$177.71 USD,Corsair,CMW32GX4M2C3200C16,843591082914,DDR4-3200,32 GB,3200,16-18-18-36,2
Corsair Vengeance RGB Pro Series black,$242.99 USD,Corsair,CMW32GX4M2C3466C16,840006603665,DDR4-3466,32 GB,3466,16-18-18-36,2
Corsair Vengeance RGB Pro Series white,$61.65 USD,Corsair,CMW16GX4M2C3200C16W,843591078719,DDR4-3200,16 GB,3200,16-18-18-36,2
Corsair Vengeance RGB Pro Series white,$68.9 USD,Corsair,CMW16GX4M2C3600C18W,843591078726,DDR4-3600,16 GB,3600,18-19-19-39,2
Corsair Vengeance RGB Series black,$104.19 USD,Corsair,CMR16GX4M2C3466C16,843591029803,DDR4-3466,16 GB,3466,16-18-18-36,2
Corsair Vengeance RGB Series white,$151.49 USD,Corsair,CMR16GX4M2C3600C18W,843591064040,DDR4-3600,16 GB,3600,18-19-19-39,2
Crucial Ballistix Elite series,$76.88 USD,Crucial,BLE2K8G4D36BEEAK,649528788672,DDR4-3600,16 GB,3600,16-18-18,2
"Crucial Ballistix Elite Series DDR4-2666, CL16 - 8 GB",$67.98 USD,Crucial,BLE8G4D26AFEA,649528770561,DDR4-2666,8 GB,2666,16-17-17,1
Crucial Ballistix Sport AT series,$75.63 USD,Crucial,BLS2K8G4D32AESTK,649528789242,DDR4-3200,16 GB,3200,16-18-18,2
Crucial Ballistix Sport AT series,$160.32 USD,Crucial,BLS2K16G4D32AEST,649528789266,DDR4-3200,32 GB,3200,16-18-18,2
Crucial Ballistix Sport LT series grey,$79.58 USD,Crucial,BLS2K8G4D32AESBK,649528789129,DDR4-3200,16 GB,3200,16-18-18,2
Crucial Ballistix Sport LT series grey,$153.77 USD,Crucial,BLS2K16G4D32AESB,649528789143,DDR4-3200,32 GB,3200,16-18-18,2
"Crucial Ballistix Sport LT Series grey DDR4-2400, CL16 - 16 GB Kit",$112.01 USD,Crucial,BLS2C8G4D240FSB,649528771360,DDR4-2400,16 GB,2400,16-16-16,2
"Crucial Ballistix Sport LT Series grey DDR4-2400, CL16 - 32 GB Kit",$225.58 USD,Crucial,BLS4C8G4D240FSB,649528771384,DDR4-2400,32 GB,2400,16-16-16,4
"Crucial Ballistix Sport LT Series grey DDR4-2400, CL16 - 8 GB",$66.13 USD,Crucial,BLS8G4D240FSB,649528771308,DDR4-2400,8 GB,2400,16-16-16,1
"Crucial Ballistix Sport LT Series grey DDR4-2400, CL16 - 8 GB Kit",$83.41 USD,Crucial,BLS2C4G4D240FSB,649528771353,DDR4-2400,8 GB,2400,16-16-16,2
Crucial Ballistix Sport LT series red,$79.58 USD,Crucial,BLS2K8G4D32AESEK,649528789181,DDR4-3200,16 GB,3200,16-18-18,2
Crucial Ballistix Sport LT series red,$154.14 USD,Crucial,BLS2K16G4D32AESE,649528789198,DDR4-3200,32 GB,3200,16-18-18,2
"Crucial Ballistix Sport LT Series red, DDR4-2400, CL16 - 8 GB",$70.81 USD,Crucial,BLS8G4D240FSE,649528777232,DDR4-2400,8 GB,2400,16-16-16,1
"Crucial Ballistix Sport LT Series red, DDR4-2400, CL16 - 8 GB Kit",$40.19 USD,Crucial,BLS2C4G4D240FSE,649528777256,DDR4-2400,8 GB,2400,16-16-16,2
Crucial Ballistix Sport LT series white,$79.58 USD,Crucial,BLS2K8G4D32AESCK,649528789068,DDR4-3200,16 GB,3200,16-18-18,2
Crucial Ballistix Sport LT series white,$143.62 USD,Crucial,BLS2K16G4D32AESC,649528789082,DDR4-3200,32 GB,3200,16-18-18,2
"Crucial Ballistix Sport LT Series white DDR4-2400, CL16 - 32 GB Kit",$148.3 USD,Crucial,BLS2C16G4D240FSC,649528774347,DDR4-2400,32 GB,2400,16-16-16,2
"Crucial Ballistix Sport LT Series white DDR4-2400, CL16 - 8 GB Kit",$40.19 USD,Crucial,BLS2C4G4D240FSC,649528774323,DDR4-2400,8 GB,2400,16-16-16,2
"Crucial Ballistix Sport LT Series white, DDR4-2400, CL16 - 8 GB",$63.12 USD,Crucial,BLS8G4D240FSC,649528774248,DDR4-2400,8 GB,2400,16-16-16,1
"Crucial Ballistix Tactical, DDR4-3000, CL16 - 16 GB Kit",$207.45 USD,Crucial,BLT2C8G4D30AETA,649528778833,DDR4-3000,16 GB,3000,16,2
Crucial DDR5-4800,$29.12 USD,Crucial,CT2K8G48C40U5,649528905611,DDR5-4800,16 GB,4800,40-39-39,2
Crucial DDR5-4800,$47.08 USD,Crucial,CT2K16G48C40U5,649528905628,DDR5-4800,32 GB,4800,40-39-39,2
Crucial DDR5-4800,$87.12 USD,Crucial,CT2K32G48C40U5,649528905635,DDR5-4800,64 GB,4800,40-39-39,2
G.Skill Aegis DDR4 DDR4-2400 8GB,$32.54 USD,G.Skill,F4-2400C15S-8GIS,848354019633,DDR4-2400,8 GB,2400,15-15-15-35-2N,1
G.Skill Ripjaws V DDR4-3200 16GB,$142.72 USD,G.Skill,F4-3200C15D-16GVR,848354019459,DDR4-3200,16 GB,3200,15-15-15-35-2N,2
G.Skill RipJaws V Series,$147.28 USD,G.Skill,F4-3200C16D-32GVK,4719692007018,DDR4-3200,32 GB,3200,16-18-18-38,2
G.Skill Sniper X Series,$78.33 USD,G.Skill,F4-3200C16D-16GSXKB,4719692019622,DDR4-3200,16 GB,3200,16-18-18-38,2
G.Skill Sniper X Series,$78.33 USD,G.Skill,F4-3200C16D-16GSXFB,4719692019639,DDR4-3200,16 GB,3200,16-18-18-38,2
G.Skill Sniper X Series,$94.98 USD,G.Skill,F4-3200C16D-16GSXWB,4719692019615,DDR4-3200,16 GB,3200,16-18-18-38,2
G.Skill Trident Z DDR4-3200 16GB,$58.02 USD,G.Skill,F4-3200C16D-16GTZSK,848354023111,DDR4-3200,16 GB,3200,16-18-18-38-2N,2
G.Skill Trident Z DDR4-3200 16GB,$69.78 USD,G.Skill,F4-3200C16D-16GTZKO,4719692013149,DDR4-3200,16 GB,3200,16-18-18-38-2N,2
G.Skill Trident Z DDR4-3200 16GB,$82.17 USD,G.Skill,F4-3200C16D-16GTZKY,4719692013088,DDR4-3200,16 GB,3200,16-18-18-38-2N,2
G.Skill Trident Z DDR4-3200 16GB,$88.85 USD,G.Skill,F4-3200C16D-16GTZKW,848354023074,DDR4-3200,16 GB,3200,16-18-18-38-2N,2
G.Skill Trident Z DDR4-3200 16GB,$89.2 USD,G.Skill,F4-3200C15D-16GTZKW,4719692013170,DDR4-3200,16 GB,3200,15-15-15-35-2N,2
G.Skill Trident Z DDR4-3200 16GB,$90.35 USD,G.Skill,F4-3200C16D-16GTZB,848354015550,DDR4-3200,16 GB,3200,16-18-18-38-2N,2
G.Skill Trident Z DDR4-3200 16GB,$107.15 USD,G.Skill,F4-3200C16D-16GTZSW,848354023104,DDR4-3200,16 GB,3200,16-18-18-38-2N,2
G.Skill Trident Z DDR4-3200 32GB,$58.02 USD,G.Skill,F4-3200C16D-32GTZSK,4719692013118,DDR4-3200,32 GB,3200,16-18-18-38-2N,2
G.Skill Trident Z RGB DDR4-3200 16GB,$68.17 USD,G.Skill,F4-3200C16D-16GTZR,848354025191,DDR4-3200,16 GB,3200,16-18-18-38,2
G.Skill Trident Z RGB Series,$122.38 USD,G.Skill,F4-3600C17D-16GTZR,4719692015235,DDR4-3600,16 GB,3600,17-18-18-38,2
Gigabyte Aorus RGB Memory,$190.43 USD,Gigabyte,GP-AR32C16S8K2HU416RD,4719331804886,DDR4-3200,16 GB,3200,16-18-18-38,2
Kingston Fury Beast,$70.99 USD,Kingston,KF548C38BB-16,740617324389,DDR5-4800,16 GB,4800,38-38-38,1
Kingston Fury Beast,$105.9 USD,Kingston,KF548C38BBK2-32,740617324365,DDR5-4800,32 GB,4800,38-38-38,2
Kingston Fury Beast Black,$63.09 USD,Kingston,KF552C40BB-16,740617324372,DDR5-5200,16 GB,5200,40-39-39,1
Kingston Fury Beast Black,$116.05 USD,Kingston,KF552C40BBK2-32,740617324358,DDR5-5200,32 GB,5200,40-39-39,1
Kingston ValueRAM,$157.25 USD,Kingston,KVR48U40BS8-16,740617325096,DDR5-4800,16 GB,4800,40-39-39,1
Kingston ValueRAM,$330.18 USD,Kingston,KVR48U40BS8K2-32,740617325102,DDR5-4800,32 GB,4800,40-39-39,2
Thermaltake Toughram RGB DDR4-3200 CL16 - 16 GB Dual-Kit,$96.83 USD,Thermaltake,R009D408GX2-3200C16A,4713227522069,DDR4-3200,16 GB,3200,16-18-18-38,2
Thermaltake Toughram RGB DDR4-3600 CL18 - 16 GB Dual-Kit,$107.5 USD,Thermaltake,R009D408GX2-3600C18B,4713227522076,DDR4-3600,16 GB,3600,18-22-22-42,2
ADATA XPG Gammix D10,$80.53 USD,ADATA,AX4U266638G16-DBG,4713218462183,DDR4-2666,16 GB,2666,16-17-17,2
ADATA XPG Spectrix RGB D41 grey,$96.93 USD,ADATA,AX4U300038G16-DT41,4713218466969,DDR4-3000,16 GB,3000,16-18-18,2
Corsair 16GB,$57.0 USD,Corsair,CMV16GX4M1A2133C15,4056572728169,DDR4-2133,16 GB,2133,15-15-15-36,1
Corsair 16GB,$62.38 USD,Corsair,CMV16GX4M1A2400C16,843591024242,DDR4-2400,16 GB,2400,16-16-16-39,1
Corsair 1GB DDR Memory,$33.66 USD,Corsair,VS1GB400C3,6558051386559,DDR1-400,1 GB,400,3-3-3-8,1
Corsair 1GB DDR2 Memory,$17.97 USD,Corsair,VS1GB667D2,767873479875,DDR2-667,1 GB,667,5-5-5-15,1
Corsair 1GB DDR2 Memory,$22.94 USD,Corsair,VS1GB533D2,5052179817571,DDR2-533,1 GB,533,4-4-4-12,1
Corsair 2GB DDR2 Memory,$30.2 USD,Corsair,VS2GB800D2,843591004534,DDR2-800,2 GB,800,5-5-5-18,1
Corsair 2GB Dual Channel DDR Memory Kit,$44.9 USD,Corsair,VS2GBKIT400C3,132017663210,DDR1-400,2 GB,400,3-3-3-8,2
Corsair 2GB Dual Channel DDR2 Memory Kit,$32.41 USD,Corsair,VS2GBKIT533D2,5054533081833,DDR2-533,2 GB,533,4-4-4-12,2
Corsair 8GB,$42.06 USD,Corsair,CMV8GX3M2A1600C11,843591034111,DDR3-1600,8 GB,1600,11-11-11-30,2
Corsair 8GB,$47.14 USD,Corsair,CMV8GX4M1A2400C16,843591024259,DDR4-2400,8 GB,2400,16-16-16-39,1
Corsair 8GB Dual Channel DDR3 Memory Kit,$42.06 USD,Corsair,CMV8GX3M2A1333C9,5053313866547,DDR3-1333,8 GB,1333,9-9-9-24,2
Corsair Dominator Platinum + AF,$180.46 USD,Corsair,CMD8GX4M2B3600C18,843591070027,DDR4-3600,8 GB,3600,18-19-19-39,2
Corsair Dominator Platinum + AF,$205.77 USD,Corsair,CMD8GX4M2B4000C19,843591088114,DDR4-4000,8 GB,4000,19-23-23-45,2
"Corsair Dominator Platinum + AF, DDR4-3600, CL 16 - 32 GB Quad Kit",$499.49 USD,Corsair,CMD32GX4M4B3600C16,843591092432,DDR4-3600,32 GB,3600,16-16-16-36,4
"Corsair Dominator Platinum + AF, DDR4-3600, CL 18 - 16 GB Quad Kit",$321.04 USD,Corsair,CMD16GX4M4B3600C18,843591068369,DDR4-3600,16 GB,3600,18-19-19-39,4
"Corsair Dominator Platinum + AF, DDR4-3733, CL 17 - 8 GB Dual Kit",$209.81 USD,Corsair,CMD8GX4M2B3733C17,843591085014,DDR4-3733,8 GB,3733,17-19-19-39,2
"Corsair Dominator Platinum + AF, DDR4-3866, CL 18 - 8 GB Dual Kit",$218.65 USD,Corsair,CMD8GX4M2B3866C18,843591090193,DDR4-3866,8 GB,3866,18-22-22-40,2
Corsair Dominator Platinum RGB,$118.95 USD,Corsair,CMT32GX5M2B5600C36,840006660804,DDR5-5600,32 GB,5600,40-40-40-77,2
Corsair Dominator Platinum RGB,$148.72 USD,Corsair,CMT32GX5M2B5200C40,840006659471,DDR5-5200,32 GB,5200,40-40-77,2
Corsair Dominator Platinum RGB,$170.46 USD,Corsair,CMT32GX5M2B6400C32,840006602026,DDR5-6400,32 GB,6400,32-40-40-84,2
Corsair Dominator Platinum RGB,$174.08 USD,Corsair,CMT32GX5M2X6200C36W,840006663553,DDR5-6200,32 GB,6200,36-39-39-76,2
Corsair Dominator Platinum RGB,$195.11 USD,Corsair,CMT64GX5M2B5200C40,840006660965,DDR5-5200,64 GB,5200,40-40-40-77,2
Corsair Dominator Platinum RGB,$224.86 USD,Corsair,CMT64GX5M2B5200C40W,840006663560,DDR5-5200,64 GB,5200,40-40-40-77,2
Corsair Dominator Platinum RGB,$232.11 USD,Corsair,CMT64GX5M2X5600C40,840006692263,DDR5-5600,64 GB,5600,40-40-40-77,2
Corsair Dominator Platinum RGB,$282.16 USD,Corsair,CMT64GX5M2B6000C40,840006601203,DDR5-6000,64 GB,6000,40-40-40-77,2
Corsair Dominator Platinum RGB,$359.05 USD,Corsair,CMT64GX5M4B6200C32,840006665489,DDR5-6200,64 GB,6200,32-38-38-80,4
Corsair Dominator Platinum RGB,$366.31 USD,Corsair,CMT64GX5M4B6600C32,840006665502,DDR5-6600,64 GB,6600,32-39-39-76,4
Corsair Dominator Platinum RGB,$379.61 USD,Corsair,CMT64GX5M4B6400C32,840006665496,DDR5-6400,64 GB,6400,32-40-40-84,4
Corsair Dominator Platinum RGB Series,$137.81 USD,Corsair,CMT16GX4M2C3000C15,840006607281,DDR4-3000,16 GB,3000,15-17-17-35,2
Corsair Dominator Platinum RGB Series,$188.59 USD,Corsair,CMT32GX4M2C3000C15,840006607335,DDR4-3000,32 GB,3000,15-17-17-35,2
Corsair Dominator Platinum RGB Series,$203.05 USD,Corsair,CMT32GX4M4C3200C16,840006607397,DDR4-3200,32 GB,3200,16-18-18-36,4
Corsair Dominator Platinum RGB Series,$239.48 USD,Corsair,CMT32GX4M4C3000C15,840006607373,DDR4-3000,32 GB,3000,15-17-17-35,4
Corsair Dominator Platinum RGB Series,$245.83 USD,Corsair,CMT32GX4M4C3600C18,840006607403,DDR4-3600,32 GB,3600,18-19-19-39,4
Corsair Dominator Platinum RGB Series,$373.56 USD,Corsair,CMT64GX4M4C3000C15,840006607427,DDR4-3000,64 GB,3000,15-17-17-35,4
Corsair Dominator Platinum RGB Series,$464.23 USD,Corsair,CMT64GX4M8C3200C16,840006607472,DDR4-3200,64 GB,3200,16-18-18-36,8
Corsair Dominator Platinum RGB Series,$479.73 USD,Corsair,CMT16GX4M2K4266C19,840006609520,DDR4-4266,16 GB,4266,19-26-26-46,2
Corsair Dominator Platinum RGB Series,$602.05 USD,Corsair,CMT64GX4M4K3600C18,840006607458,DDR4-3600,64 GB,3600,18-19-19-39,4
Corsair Dominator Platinum RGB Series,$673.11 USD,Corsair,CMT64GX4M8X3600C18,840006608608,DDR4-3600,64 GB,3600,18-19-19-39,8
Corsair Dominator Platinum RGB Series,$1156.97 USD,Corsair,CMT128GX4M8X3600C18,840006607274,DDR4-3600,128 GB,3600,18-19-19-39,8
Corsair Dominator Platinum ROG Edition 32GB,$173.47 USD,Corsair,CMD32GX4M4C3200C16-ROG,843591094573,DDR4-3200,32 GB,3200,16-18-18-36,4
Corsair Dominator Platinum Series 128GB,$880.25 USD,Corsair,CMD128GX4M8B3200C16,843591097895,DDR4-3200,128 GB,3200,16-18-18-36,8
Corsair Dominator Platinum Series 16GB,$108.8 USD,Corsair,CMD16GX4M4B3200C16,4054318733675,DDR4-3200,16 GB,3200,16-18-18-36,4
Corsair Dominator Platinum Series 16GB,$216.15 USD,Corsair,CMD16GX4M2B2400C10,843591084802,DDR4-2400,16 GB,2400,10-12-12-28,2
Corsair Dominator Platinum Series 16GB,$233.1 USD,Corsair,CMD16GX4M4B3200C16R,843591068185,DDR4-3200,16 GB,3200,16-18-18-36,4
Corsair Dominator Platinum Series 16GB,$264.6 USD,Corsair,CMD16GX4M2E4000C19,843591024136,DDR4-4000,16 GB,4000,19-23-23-45,2
Corsair Dominator Platinum Series 16GB,$269.2 USD,Corsair,CMD16GX4M2B3733C17,843591097628,DDR4-3733,16 GB,3733,17-19-19-39,2
Corsair Dominator Platinum Series 16GB,$275.45 USD,Corsair,CMD16GX4M2B3866C18,843591097673,DDR4-3866,16 GB,3866,18-22-22-40,2
Corsair Dominator Platinum Series 32GB,$151.1 USD,Corsair,CMD32GX4M4A2666C16,8435910554756,DDR4-2666,32 GB,2666,16-18-18-35,4
Corsair Dominator Platinum Series 32GB,$166.83 USD,Corsair,CMD32GX4M2B3000C15,4053162983618,DDR4-3000,32 GB,3000,15-17-17-35,2
Corsair Dominator Platinum Series 32GB,$309.78 USD,Corsair,CMD32GX4M4C3000C15,843591088336,DDR4-3000,32 GB,3000,15-17-17-35,4
Corsair Dominator Platinum Series 32GB,$456.25 USD,Corsair,CMD32GX4M4B2400C10,843591084826,DDR4-2400,32 GB,2400,10-12-12-28,4
Corsair Dominator Platinum Series 32GB,$481.69 USD,Corsair,CMD32GX4M4B3333C16,843591083683,DDR4-3333,32 GB,3333,16-18-18-36,4
Corsair Dominator Platinum Series 32GB,$551.71 USD,Corsair,CMD32GX4M4B3866C18,843591097826,DDR4-3866,32 GB,3866,16-22-22-40,4
Corsair Dominator Platinum Series 32GB,$565.75 USD,Corsair,CMD32GX4M4B3733C17,843591097598,DDR4-3733,32 GB,3733,17-19-19-39,4
Corsair Dominator Platinum Series 32GB,$597.08 USD,Corsair,CMD32GX4M4E4000C19,843591030229,DDR4-4000,32 GB,4000,19-23-23-45,4
Corsair Dominator Platinum Series 64GB,$305.33 USD,Corsair,CMD64GX4M4A2666C15,843591071895,DDR4-2666,64 GB,2666,15-17-17-35,4
Corsair Dominator Platinum Series 64GB,$425.45 USD,Corsair,CMD64GX4M4C3200C16,843591084710,DDR4-3200,64 GB,3200,16-18-18-36,4
Corsair Dominator Platinum Series 64GB,$577.6 USD,Corsair,CMD64GX4M4C3000C15,843591089418,DDR4-3000,64 GB,3000,15-17-17-35,4
Corsair Dominator Platinum Series 64GB,$724.26 USD,Corsair,CMD64GX4M8A2800C16,843591055307,DDR4-2800,64 GB,2800,16-18-18-36,8
Corsair Dominator Platinum Series 64GB,$826.92 USD,Corsair,CMD64GX4M8B3200C16,843591085618,DDR4-3200,64 GB,3200,16-18-18-36,8
Corsair Dominator Platinum Series 64GB,$867.89 USD,Corsair,CMD64GX4M4B3466C16,843591087964,DDR4-3466,64 GB,3466,16-18-18-36,4
Corsair Dominator Platinum Series 64GB,$894.11 USD,Corsair,CMD64GX4M4B3333C16,843591084949,DDR4-3333,64 GB,3333,16-18-18-36,4
Corsair Dominator Platinum Series 64GB,$996.83 USD,Corsair,CMD64GX4M8A2666C15,4056572729623,DDR4-2666,64 GB,2666,15-17-17-35,8
"Corsair Dominator Platinum Series DDR4-2400, CL14 - 32 GB Quad Kit",$384.44 USD,Corsair,CMD32GX4M4A2400C14,843591055109,DDR4-2400,32 GB,2400,14-16-16-31,4
Corsair Dominator Platinum Series DDR4-2666,$96.9 USD,Corsair,CMD16GX4M2A2666C15,843591069571,DDR4-2666,16 GB,2666,15-17-17-35,2
Corsair Dominator Platinum Series DDR4-2666,$189.32 USD,Corsair,CMD32GX4M4A2666C15,843591055475,DDR4-2666,32 GB,2666,15-17-17-35,4
"Corsair Dominator Platinum Series DDR4-2666, CL16 - 16 GB Quad Kit",$110.97 USD,Corsair,CMD16GX4M4A2666C16,843591055628,DDR4-2666,16 GB,2666,16-18-18-35,4
"Corsair Dominator Platinum Series DDR4-3000, CL15 - 16 GB Quad Kit",$271.86 USD,Corsair,CMD16GX4M4B3000C15,843591055970,DDR4-3000,16 GB,3000,15-17-17-35,4
"Corsair Dominator Platinum Series DDR4-3200, CL16 - 16 GB Quad Kit",$119.11 USD,Corsair,CMD16GX4M4C3200C16,843591072762,DDR4-3200,16 GB,3200,16-18-18-36,4
Corsair Dominator Platinum Series — 16GB,$156.71 USD,Corsair,CMD16GX3M2A2400C11,843591048194,DDR3-2400,16 GB,2400,11-13-13-31,2
Corsair LED 32GB,$293.76 USD,Corsair,CMU32GX4M4C3200C16,843591090421,DDR4-3200,32 GB,3200,16-18-18-36,4
Corsair LED 32GB,$679.27 USD,Corsair,CMU64GX4M4A2666C16B,843591095952,DDR4-2666,64 GB,2666,16-18-18-35,4
Corsair Low Profile — 32GB Dual/Quad Channel DDR3 Memory Kit,$173.36 USD,Corsair,CML32GX3M4A1600C10,843591024389,DDR3-1600,32 GB,1600,10-10-10-27,4
Corsair Low Profile — 4GB Dual Channel DDR3 Memory Kit,$36.95 USD,Corsair,CML4GX3M2A1600C9,4054318037018,DDR3-1600,4 GB,1600,9-9-9-24,2
Corsair Low Profile — 8GB Dual Channel DDR3 Memory Kit,$60.65 USD,Corsair,CML8GX3M2A1600C9R,843591029766,DDR3-1600,8 GB,1600,9-9-9-24,2
Corsair LP 4GB,$47.43 USD,Corsair,CML4GX3M1C1600C9,4056572724383,DDR3L-1600,4 GB,1600,9-9-9-24,1
Corsair LP 8GB,$76.54 USD,Corsair,CML8GX3M1C1600C9,843591058582,DDR3L-1600,8 GB,1600,9-9-9-24,1
Corsair LPX 128GB,$467.86 USD,Corsair,CMK128GX4M8B3000C16,843591084307,DDR4-3000,128 GB,3000,16-18-18-36,8
Corsair LPX 16GB,$43.52 USD,Corsair,CMK16GX4M4B3200C16,4053162965775,DDR4-3200,16 GB,3200,16-18-18-36,4
Corsair LPX 16GB,$72.53 USD,Corsair,CMK16GX4M1B3000C15,843591084253,DDR4-3000,16 GB,3000,15-17-17-35,1
Corsair LPX 16GB,$76.88 USD,Corsair,CMK16GX4M2A2400C14,4053162934429,DDR4-2400,16 GB,2400,14-16-16-31,2
Corsair LPX 16GB,$94.29 USD,Corsair,CMK16GX4M4A2400C14,4053162575332,DDR4-2400,16 GB,2400,14-16-16-31,4
Corsair LPX 16GB,$109.32 USD,Corsair,CMK16GX4M1A2400C14,843591084246,DDR4-2400,16 GB,2400,14-16-16-31,1
Corsair LPX 16GB,$117.8 USD,Corsair,CMK16GX4M4A2666C16B,5054629447727,DDR4-2666,16 GB,2666,16-18-18-35,4
Corsair LPX 16GB,$129.83 USD,Corsair,CMK16GX4M2A2400C14R,3609920147559,DDR4-2400,16 GB,2400,14-16-16-31,2
Corsair LPX 16GB,$216.52 USD,Corsair,CMK16GX4M2E4000C19R,843591022989,DDR4-4000,16 GB,4000,19-23-23-45,2
Corsair LPX 16GB,$248.62 USD,Corsair,CMK16GX4M2B4266C19R,843591097833,DDR4-4266,16 GB,4266,19-26-26-46,2
Corsair LPX 16GB,$271.86 USD,Corsair,CMK16GX4M4B3200C15,8502201635361,DDR4-3200,16 GB,3200,15-17-17-35,4
Corsair LPX 32GB,$192.22 USD,Corsair,CMK32GX4M2A2400C14,4056572732272,DDR4-2400,32 GB,2400,14-16-16-31,2
Corsair LPX 32GB,$314.56 USD,Corsair,CMK32GX4M4B4000C19R,843591097758,DDR4-4000,32 GB,4000,19-23-23-45,4
Corsair LPX 32GB,$517.45 USD,Corsair,CMK32GX4M4B3866C18R,843591096454,DDR4-3866,32 GB,3866,18-22-22-40,4
Corsair Pro Series — 16GB,$109.6 USD,Corsair,CMY16GX3M2A1600C9A,843591043359,DDR3-1600,16 GB,1600,9-9-9-24,2
Corsair Pro Series — 16GB,$132.14 USD,Corsair,CMY16GX3M2B2133C11,4054318731862,DDR3-2133,16 GB,2133,11-12-12-27,2
Corsair Pro Series — 16GB,$145.28 USD,Corsair,CMY16GX3M2A2400C11R,5054484563815,DDR3-2400,16 GB,2400,11-13-13-31,2
Corsair Pro Series — 32GB,$181.34 USD,Corsair,CMY32GX3M4A1600C9,843591042222,DDR3-1600,32 GB,1600,9-9-9-24,4
Corsair Pro Series — 32GB,$188.59 USD,Corsair,CMY32GX3M4A1600C9R,843591042239,DDR3-1600,32 GB,1600,9-9-9-24,4
Corsair Pro Series — 32GB,$223.4 USD,Corsair,CMY32GX3M4A1600C9B,846830018781,DDR3-1600,32 GB,1600,9-9-9-24,4
Corsair Pro Series — 8GB,$49.32 USD,Corsair,CMY8GX3M2A1600C9,843591041959,DDR3-1600,8 GB,1600,9-9-9-24,2
Corsair Pro Series — 8GB,$59.21 USD,Corsair,CMY8GX3M2A1600C9A,4054843374091,DDR3-1600,8 GB,1600,9-9-9-24,2
Corsair Pro Series — 8GB,$63.81 USD,Corsair,CMY8GX3M2A1600C9B,13201073407,DDR3-1600,8 GB,1600,9-9-9-24,2
Corsair Pro Series — 8GB,$70.54 USD,Corsair,CMY8GX3M2A1600C9R,5054531412332,DDR3-1600,8 GB,1600,9-9-9-24,2
Corsair RGB 16GB,$111.7 USD,Corsair,CMR16GX4M2A2666C16,843591028431,DDR4-2666,16 GB,2666,16-18-18-35,2
Corsair RGB 16GB,$132.74 USD,Corsair,CMR16GX4M2C3000C15,8435910971928,DDR4-3000,16 GB,3000,15-17-17-35,2
Corsair RGB 32GB,$242.91 USD,Corsair,CMR32GX4M4A2666C16,843591028455,DDR4-2666,32 GB,2666,16-18-18-35,4
Corsair RGB 32GB,$244.44 USD,Corsair,CMR32GX4M4C3000C15,843591097239,DDR4-3000,32 GB,3000,15-17-17-35,4
Corsair RGB 32GB,$279.76 USD,Corsair,CMR32GX4M4C3200C16,843591097246,DDR4-3200,32 GB,3200,16-18-18-36,4
Corsair RGB 32GB,$354.92 USD,Corsair,CMR32GX4M4C3600C18,843591030236,DDR4-3600,32 GB,3600,18-19-19-39,4
Corsair RGB 32GB,$410.17 USD,Corsair,CMR32GX4M4C3333C16,843591030205,DDR4-3333,32 GB,3333,16-18-18-36,4
Corsair RGB 32GB,$438.42 USD,Corsair,CMR32GX4M4C3466C16,843591021340,DDR4-3466,32 GB,3466,16-18-18-36,4
Corsair RGB 64GB,$557.63 USD,Corsair,CMR64GX4M8A2666C16,843591027892,DDR4-2666,64 GB,2666,16-18-18-35,8
Corsair SO-Dimm Vengeance Series DDR4-3000,$76.16 USD,Corsair,CMSX16GX4M2A3000C16,843591094061,DDR4-3000,16 GB,3000,16-18-18-36,2
Corsair ValueSelect,$30.46 USD,Corsair,CMSO8GX4M1A2133C15,843591067379,DDR4-2133,8 GB,2133,15-15-15-36,1
Corsair ValueSelect,$67.85 USD,Corsair,CMSO16GX4M1A2133C15,843591068147,DDR4-2133,16 GB,2133,15-15-15-36,1
Corsair ValueSelect Series DDR4-2133,$25.0 USD,Corsair,CMV8GX4M1A2133C15,843591052955,DDR4-2133,8 GB,2133,15-15-15-36,1
Corsair Vengeance,$116.05 USD,Corsair,CMK32GX5M2B6400C36,840006666127,DDR5-6400,32 GB,6400,36-48-48-104,2
Corsair Vengeance,$126.93 USD,Corsair,CMK32GX5M2B6800C40,840006666387,DDR5-6800,32 GB,6800,40-50-50-110,2
Corsair Vengeance,$142.17 USD,Corsair,CMK32GX5M2X7000C34,840006600404,DDR5-7000,32 GB,7000,34-42-42-96,2
Corsair Vengeance,$151.59 USD,Corsair,CMK64GX5M2B5200C40,840006661245,DDR5-5200,64 GB,5200,40-40-40-77,2
Corsair Vengeance,$158.84 USD,Corsair,CMK48GX5M2B5200C38,840006665014,DDR5-5200,48 GB,5200,38-38-38-84,2
Corsair Vengeance,$163.2 USD,Corsair,CMK32GX5M2X7200C34,840006600411,DDR5-7200,32 GB,7200,34-44-96,2
Corsair Vengeance,$164.4 USD,Corsair,CMK48GX5M2B5600C40,840006665021,DDR5-5600,48 GB,5600,40-40-40-77,2
Corsair Vengeance,$184.47 USD,Corsair,CMK48GX5M2B7000C40,840006667124,DDR5-7000,48 GB,7000,40-52-52-114,2
Corsair Vengeance,$203.1 USD,Corsair,CMK64GX5M2B6400C32,840006661788,DDR5-6400,64 GB,6400,32-40-40-84,2
Corsair Vengeance,$213.25 USD,Corsair,CMK64GX5M2B6000Z40,840006601197,DDR5-6000,64 GB,6000,40-40-40-77,2
Corsair Vengeance,$227.75 USD,Corsair,CMK64GX5M2B6200C32,840006619062,DDR5-6200,64 GB,6200,32-38-38-80,2
Corsair Vengeance,$264.02 USD,Corsair,CMK64GX5M2B6600C32,840006664932,DDR5-6600,64 GB,6600,32-39-39-76,2
Corsair Vengeance,$293.77 USD,Corsair,CMK96GX5M2B5200C38,840006665038,DDR5-5200,96 GB,5200,38-38-38-84,2
Corsair Vengeance,$303.92 USD,Corsair,CMK96GX5M2B5600C40,840006665045,DDR5-5600,96 GB,5600,40-40-40-77,2
Corsair Vengeance,$652.1 USD,Corsair,CMK192GX5M4B5200C38,840006666752,DDR5-5200,192 GB,5200,38-38-38-84,4
Corsair Vengeance LED Series,$135.55 USD,Corsair,CMU16GX4M2A2666C16,843591090223,DDR4-2666,16 GB,2666,16-18-18-35,2
Corsair Vengeance LPX,$189.21 USD,Corsair,CMK16GX4M2D3200C16,843591097901,DDR4-3200,16 GB,3200,16-19-19-36,2
"Corsair Vengeance LPX red + AF, DDR4-3600, CL 16 - 32 GB Quad Kit",$491.4 USD,Corsair,CMK32GX4M4B3600C16R,843591087278,DDR4-3600,32 GB,3600,16-16-16-36,4
"Corsair Vengeance LPX red + AF, DDR4-3733, CL 17 - 16 GB Dual Kit",$229.94 USD,Corsair,CMK16GX4M2B3733C17R,843591089425,DDR4-3733,16 GB,3733,17-19-19-39,2
"Corsair Vengeance LPX red + AF, DDR4-3733, CL 17 - 32 GB Quad Kit",$508.24 USD,Corsair,CMK32GX4M4B3733C17R,843591088534,DDR4-3733,32 GB,3733,17-19-19-39,4
Corsair Vengeance LPX black,$38.44 USD,Corsair,CMK16GX4M2E3200C16,840006608530,DDR4-3200,16 GB,3200,16-18-18-36,2
Corsair Vengeance LPX black,$39.89 USD,Corsair,CMK16GX4M2D3600C18,840006612971,DDR4-3600,16 GB,3600,18-22-22-42,2
Corsair Vengeance LPX black,$47.14 USD,Corsair,CMK16GX4M2Z2400C16,843591025058,DDR4-2400,16 GB,2400,16-16-16-39,2
Corsair Vengeance LPX black,$50.77 USD,Corsair,CMK16GX4M2Z3600C18,843591082006,DDR4-3600,16 GB,3600,18-22-22-42,2
Corsair Vengeance LPX black,$75.42 USD,Corsair,CMK32GX4M2E3200C16,840006608547,DDR4-3200,32 GB,3200,16-20-20-38,2
Corsair Vengeance LPX black,$123.31 USD,Corsair,CMK64GX4M2E3200C16,840006619208,DDR4-3200,64 GB,3200,16-20-20-38,2
Corsair Vengeance LPX black,$138.87 USD,Corsair,CMK64GX4M2D3000C16,840006612902,DDR4-3000,64 GB,3000,16-20-20-38,2
Corsair Vengeance LPX black,$165.65 USD,Corsair,CMK64GX4M4E3200C16,840006623304,DDR4-3200,64 GB,3200,16-20-20-38,4
Corsair Vengeance LPX black,$402.58 USD,Corsair,CMK128GX4M4A2666C16,840006615903,DDR4-2666,128 GB,2666,16-18-18-35,4
Corsair Vengeance LPX black,$420.71 USD,Corsair,CMK64GX4M4B3200C16,843591070539,DDR4-3200,64 GB,3200,15-15-15-36,4
Corsair Vengeance LPX black + AF,$206.72 USD,Corsair,CMK32GX4M4B3600C18,843591084468,DDR4-3600,32 GB,3600,18-19-19-39,4
"Corsair Vengeance LPX black + AF, DDR4-3600, CL 18 - 16 GB Quad Kit",$266.21 USD,Corsair,CMK16GX4M4B3600C18,843591072885,DDR4-3600,16 GB,3600,18-19-19-39,4
"Corsair Vengeance LPX black + AF, DDR4-3600, CL 18 - 8 GB Dual Kit",$137.09 USD,Corsair,CMK8GX4M2B3600C18,843591070034,DDR4-3600,8 GB,3600,18-19-19-39,2
"Corsair Vengeance LPX black + AF, DDR4-3733, CL 17 - 16 GB Quad Kit",$261.13 USD,Corsair,CMK16GX4M4B3733C17,843591072861,DDR4-3733,16 GB,3733,17-19-19-39,4
Corsair Vengeance LPX Series blue DDR4-2666,$133.56 USD,Corsair,CMK32GX4M4A2666C16B,843591056533,DDR4-2666,32 GB,2666,16-18-18-35,4
Corsair Vengeance LPX Series red,$130.56 USD,Corsair,CMK32GX4M2B3000C15R,843591071215,DDR4-3000,32 GB,3000,15-17-17-35,2
"Corsair Vengeance LPX Series red DDR4-2400, CL14 - 16 GB Kit",$86.21 USD,Corsair,CMK16GX4M4A2400C14R,843591054928,DDR4-2400,16 GB,2400,14-16-16-31,4
Corsair Vengeance LPX Series red DDR4-2666,$133.81 USD,Corsair,CMK32GX4M4A2666C16R,843591056434,DDR4-2666,32 GB,2666,16-18-18-35,4
"Corsair Vengeance LPX Series red DDR4-2666, CL16 - 8 GB Kit",$42.22 USD,Corsair,CMK8GX4M2A2666C16R,843591069670,DDR4-2666,8 GB,2666,16-18-18-35,2
Corsair Vengeance LPX Series black,$39.89 USD,Corsair,CMK16GX4M1A2666C16,843591084260,DDR4-2666,16 GB,2666,15-15-15-36,1
Corsair Vengeance LPX Series black,$47.14 USD,Corsair,CMK16GX4M2B3000C15,843591070010,DDR4-3000,16 GB,3000,15-17-17-35,2
Corsair Vengeance LPX Series black,$49.92 USD,Corsair,CMK16GX4M2D3000C16,843591077552,DDR4-3000,16 GB,3000,16-18-18-36,2
Corsair Vengeance LPX Series black,$79.78 USD,Corsair,CMK32GX4M2A2666C16,843591069557,DDR4-2666,32 GB,2666,16-18-18-35,2
Corsair Vengeance LPX Series black,$187.6 USD,Corsair,CMK64GX4M2A2666C16,840006615965,DDR4-2666,64 GB,2666,16-18-18-35,2
Corsair Vengeance LPX Series black DDR4-2133,$39.89 USD,Corsair,CMK16GX4M2A2133C13,843591069656,DDR4-2133,16 GB,2133,13-15-15-28,2
Corsair Vengeance LPX Series black DDR4-2133,$76.16 USD,Corsair,CMK32GX4M2A2133C13,843591070621,DDR4-2133,32 GB,2133,13-15-15-28,2
Corsair Vengeance LPX Series black DDR4-2400,$39.89 USD,Corsair,CMK16GX4M2A2400C16,843591082549,DDR4-2400,16 GB,2400,16-16-16-39,2
Corsair Vengeance LPX Series black DDR4-2400,$40.35 USD,Corsair,CMK8GX4M2A2400C14,843591057523,DDR4-2400,8 GB,2400,14-16-16-31,2
Corsair Vengeance LPX Series black DDR4-2400,$425.8 USD,Corsair,CMK128GX4M8A2400C14,843591067416,DDR4-2400,128 GB,2400,14-16-16-31,8
Corsair Vengeance LPX Series black DDR4-2666,$50.77 USD,Corsair,CMK16GX4M2A2666C16,843591069618,DDR4-2666,16 GB,2666,16-18-18-35,2
Corsair Vengeance LPX Series black DDR4-2666,$52.95 USD,Corsair,CMK8GX4M2A2666C16,843591069540,DDR4-2666,8 GB,2666,16-18-18-35,2
Corsair Vengeance LPX Series black DDR4-2666,$84.11 USD,Corsair,CMK16GX4M4A2666C16,843591055635,DDR4-2666,16 GB,2666,16-18-18-35,4
Corsair Vengeance LPX Series black DDR4-2666,$119.68 USD,Corsair,CMK32GX4M4A2666C16,843591055642,DDR4-2666,32 GB,2666,16-18-18-35,4
Corsair Vengeance LPX Series black DDR4-3000,$50.96 USD,Corsair,CMK8GX4M2C3000C16,843591074735,DDR4-3000,8 GB,3000,16-18-18-36,2
Corsair Vengeance LPX Series black DDR4-3000,$141.44 USD,Corsair,CMK32GX4M2B3000C15,843591071222,DDR4-3000,32 GB,3000,15-17-17-35,2
"Corsair Vengeance LPX Series black DDR4-3200, CL16 - 16 GB Kit",$200.8 USD,Corsair,CMK16GX4M4C3200C16,843591072694,DDR4-3200,16 GB,3200,16-18-18-36,4
Corsair Vengeance LPX Series white,$56.64 USD,Corsair,CMK16GX4M2A2666C16W,843591088367,DDR4-2666,16 GB,2666,16-18-18-35,2
Corsair Vengeance LPX Series white,$70.35 USD,Corsair,CMK16GX4M2D3000C16W,843591077903,DDR4-3000,16 GB,3000,16-18-18-36,2
Corsair Vengeance LPX Series white,$95.85 USD,Corsair,CMK16GX4M2B3000C15W,843591088374,DDR4-3000,16 GB,3000,15-17-17-35,2
Corsair Vengeance LPX Series white,$130.56 USD,Corsair,CMK32GX4M2B3000C15W,843591088404,DDR4-3000,32 GB,3000,15-17-17-35,2
Corsair Vengeance LPX Series white,$170.46 USD,Corsair,CMK32GX4M2A2666C16W,843591088398,DDR4-2666,32 GB,2666,16-18-18-35,2
Corsair Vengeance LPX Series white,$305.91 USD,Corsair,CMK64GX4M4A2666C16W,843591088435,DDR4-2666,64 GB,2666,16-18-18-35,4
Corsair Vengeance RGB,$130.56 USD,Corsair,CMH32GX5M2B6400C36,840006666073,DDR5-6400,32 GB,6400,36-48-48-104,2
Corsair Vengeance RGB,$137.81 USD,Corsair,CMH32GX5M2B6800C40,840006666370,DDR5-6800,32 GB,6800,40-50-50-110,2
Corsair Vengeance RGB,$148.69 USD,Corsair,CMH48GX5M2B5200C38,840006664970,DDR5-5200,48 GB,5200,38-38-38-84,2
Corsair Vengeance RGB,$155.95 USD,Corsair,CMH48GX5M2B5600C40,840006664987,DDR5-5600,48 GB,5600,40-40-40-77,2
Corsair Vengeance RGB,$163.2 USD,Corsair,CMH32GX5M2X7000C34,840006600732,DDR5-7000,32 GB,7000,34-42-42-96,2
Corsair Vengeance RGB,$166.83 USD,Corsair,CMH32GX5M2X7200C34,840006601159,DDR5-7200,32 GB,7200,34-44-96,2
Corsair Vengeance RGB,$217.61 USD,Corsair,CMH48GX5M2B7000C40,840006667094,DDR5-7000,48 GB,7000,40-52-52-114,2
Corsair Vengeance RGB,$239.37 USD,Corsair,CMH64GX5M2B6000Z40,840006601173,DDR5-6000,64 GB,6000,40-40-40-77,2
Corsair Vengeance RGB,$282.89 USD,Corsair,CMH64GX5M4B6200C32,840006665427,DDR5-6200,64 GB,6200,32-38-38-80,4
Corsair Vengeance RGB,$296.66 USD,Corsair,CMH64GX5M4B6400C32,840006665434,DDR5-6400,64 GB,6400,32-40-40-84,4
Corsair Vengeance RGB,$311.17 USD,Corsair,CMH64GX5M4B6600C32,840006665441,DDR5-6600,64 GB,6600,32-39-39-76,4
Corsair Vengeance RGB,$314.8 USD,Corsair,CMH96GX5M2B5600C40,840006665007,DDR5-5600,96 GB,5600,40-40-40-77,2
Corsair Vengeance RGB,$316.74 USD,Corsair,CMH96GX5M2B5200C38,840006664994,DDR5-5200,96 GB,5200,38-38-38-84,2
Corsair Vengeance RGB,$613.08 USD,Corsair,CMH192GX5M4B5200C38,840006667087,DDR5-5200,192 GB,5200,38-38-38-84,4
Corsair Vengeance RGB Pro black,$65.28 USD,Corsair,CMW16GX4M2Z3600C18,840006615682,DDR4-3600,16 GB,3600,18-22-22-42,2
Corsair Vengeance RGB Pro black,$79.78 USD,Corsair,CMW32GX4M2E3200C16,840006613251,DDR4-3200,32 GB,3200,15-15-15-36,2
Corsair Vengeance RGB Pro black,$119.68 USD,Corsair,CMW32GX4M2D3000C16,840006604259,DDR4-3000,32 GB,3000,16-18-18-36,2
Corsair Vengeance RGB Pro black,$155.95 USD,Corsair,CMW64GX4M2D3600C18,840006620785,DDR4-3600,64 GB,3600,18-22-22-42,2
Corsair Vengeance RGB Pro black,$158.84 USD,Corsair,CMW64GX4M2E3200C16,840006620136,DDR4-3200,64 GB,3200,15-15-15-36,2
Corsair Vengeance RGB Pro Series black,$10.84 USD,Corsair,SIBU-084,0,DDR4-3200,16 GB,3200,16-18-18-36,2
Corsair Vengeance RGB Pro Series black,$61.65 USD,Corsair,CMW16GX4M2A2666C16,843591078580,DDR4-2666,16 GB,2666,16-18-18-35,2
Corsair Vengeance RGB Pro Series black,$72.53 USD,Corsair,CMW16GX4M2C3000C15,843591076944,DDR4-3000,16 GB,3000,15-17-17-35,2
Corsair Vengeance RGB Pro Series black,$87.04 USD,Corsair,CMW32GX4M2A2666C16,843591082068,DDR4-2666,32 GB,2666,16-18-18-35,2
Corsair Vengeance RGB Pro Series black,$87.76 USD,Corsair,CMW16GX4M2Z2933C16,843591019019,DDR4-2933,16 GB,2933,16-18-18-36,2
Corsair Vengeance RGB Pro Series black,$97.92 USD,Corsair,CMW32GX4M2Z2933C16,840006605430,DDR4-2933,32 GB,2933,16-18-18-36,2
Corsair Vengeance RGB Pro Series black,$112.43 USD,Corsair,CMW16GX4M2K4000C19,843591078733,DDR4-4000,16 GB,4000,19-23-23-45,2
Corsair Vengeance RGB Pro Series black,$123.31 USD,Corsair,CMW32GX4M4C3200C16,843591076852,DDR4-3200,32 GB,3200,16-18-18-36,4
Corsair Vengeance RGB Pro Series black,$130.56 USD,Corsair,CMW32GX4M4C3600C18,843591076975,DDR4-3600,32 GB,3600,19-19-19-39,4
Corsair Vengeance RGB Pro Series black,$150.87 USD,Corsair,CMW32GX4M4C3000C15,843591076968,DDR4-3000,32 GB,3000,15-17-17-35,4
Corsair Vengeance RGB Pro Series black,$160.4 USD,Corsair,CMW32GX4M4A2666C16,843591078597,DDR4-2666,32 GB,2666,16-18-18-35,4
Corsair Vengeance RGB Pro Series black,$167.55 USD,Corsair,CMW32GX4M4Z2933C16,843591019026,DDR4-2933,32 GB,2933,16-18-18-35,4
Corsair Vengeance RGB Pro Series black,$221.23 USD,Corsair,CMW32GX4M2C3000C15,843591082891,DDR4-3000,32 GB,3000,15-17-17-35,2
Corsair Vengeance RGB Pro Series black,$275.81 USD,Corsair,CMW32GX4M4C3200C14,840006604266,DDR4-3200,32 GB,3200,14-14-14-34,4
Corsair Vengeance RGB Pro Series black,$406.2 USD,Corsair,CMW64GX4M4A2666C16,843591082938,DDR4-2666,64 GB,2666,16-18-18-35,4
Corsair Vengeance RGB Pro Series black,$438.84 USD,Corsair,CMW64GX4M4C3000C15,840006603573,DDR4-3000,64 GB,3000,16-16-18-36,4
Corsair Vengeance RGB Pro Series black,$446.1 USD,Corsair,CMW64GX4M4C3200C16,843591082976,DDR4-3200,64 GB,3200,16-18-18-36,4
Corsair Vengeance RGB Pro Series black,$456.98 USD,Corsair,CMW64GX4M4Z2933C16,840006605447,DDR4-2933,64 GB,2933,16-18-18-36,4
Corsair Vengeance RGB Pro Series black,$475.84 USD,Corsair,CMW64GX4M4C3466C16,840006604228,DDR4-3466,64 GB,3466,16-18-18-36,4
Corsair Vengeance RGB Pro Series black,$645.58 USD,Corsair,CMW64GX4M4K3600C18,840006603016,DDR4-3600,64 GB,3600,18-19-19-39,4
Corsair Vengeance RGB Pro Series white,$83.41 USD,Corsair,CMW16GX4M2A2666C16W,843591078696,DDR4-2666,16 GB,2666,16-18-18-35,2
Corsair Vengeance RGB Pro Series white,$108.8 USD,Corsair,CMW16GX4M2C3000C15W,843591078702,DDR4-3000,16 GB,3000,15-17-17-35,2
Corsair Vengeance RGB Pro Series white,$119.68 USD,Corsair,CMW32GX4M2A2666C16W,843591082884,DDR4-2666,32 GB,2666,16-18-18-35,2
Corsair Vengeance RGB Pro Series white,$140.71 USD,Corsair,CMW32GX4M4C3600C18W,843591078771,DDR4-3600,32 GB,3600,18-19-19-39,4
Corsair Vengeance RGB Pro Series white,$142.3 USD,Corsair,CMW32GX4M4C3200C16W,843591078764,DDR4-3200,32 GB,3200,16-18-18-36,4
Corsair Vengeance RGB Pro Series white,$163.2 USD,Corsair,CMW32GX4M2C3200C16W,843591082921,DDR4-3200,32 GB,3200,16-16-16-36,2
Corsair Vengeance RGB Pro Series white,$163.57 USD,Corsair,CMW32GX4M2C3000C15W,843591082907,DDR4-3000,32 GB,3000,15-17-17-35,2
Corsair Vengeance RGB Pro Series white,$174.08 USD,Corsair,CMW32GX4M4A2666C16W,843591078740,DDR4-2666,32 GB,2666,16-18-18-35,4
Corsair Vengeance RGB Pro Series white,$235.74 USD,Corsair,CMW32GX4M4C3000C15W,843591078757,DDR4-3000,32 GB,3000,15-15-15-36,4
Corsair Vengeance RGB Pro Series white,$349.78 USD,Corsair,CMW64GX4M4C3200C16W,843591082983,DDR4-3200,64 GB,3200,16-16-16-36,4
Corsair Vengeance RGB Pro Series white,$362.68 USD,Corsair,CMW64GX4M4A2666C16W,843591082945,DDR4-2666,64 GB,2666,16-18-18-36,4
Corsair Vengeance RGB Pro Series white,$381.82 USD,Corsair,CMW64GX4M8C3200C16W,843591078801,DDR4-3200,64 GB,3200,16-16-16-36,4
Corsair Vengeance RGB Pro Series white,$645.58 USD,Corsair,CMW64GX4M4K3600C18W,840006603320,DDR4-3600,64 GB,3600,18-19-19-39,4
Corsair Vengeance RGB Pro Series white,$661.0 USD,Corsair,CMW64GX4M8X3600C18W,843591099066,DDR4-3600,64 GB,3600,18-19-19-39,8
Corsair Vengeance RGB Pro SL,$49.32 USD,Corsair,CMH16GX4M2E3200C16W,840006632016,DDR4-3200,16 GB,3200,16-20-20-38,2
Corsair Vengeance RGB Pro SL,$50.77 USD,Corsair,CMH16GX4M2D3600C18,840006631989,DDR4-3600,16 GB,3600,18-22-22-42,2
Corsair Vengeance RGB Pro SL,$54.4 USD,Corsair,CMH16GX4M2E3200C16,840006632009,DDR4-3200,16 GB,3200,"15-15-15-36, 16-20-20-38",2
Corsair Vengeance RGB Pro SL,$64.54 USD,Corsair,CMH16GX4M2D3600C18W,840006631996,DDR4-3600,16 GB,3600,18-22-22-42,2
Corsair Vengeance RGB Pro SL,$78.33 USD,Corsair,CMH32GX4M2E3200C16,840006632092,DDR4-3200,32 GB,3200,16-20-20-38,2
Corsair Vengeance RGB Pro SL,$79.78 USD,Corsair,CMH32GX4M2D3600C18,840006632078,DDR4-3600,32 GB,3600,18-22-22-42,2
Corsair Vengeance RGB Pro SL,$89.93 USD,Corsair,CMH32GX4M2E3200C16W,840006632108,DDR4-3200,32 GB,3200,16-20-20-38,2
Corsair Vengeance RGB Pro SL,$97.92 USD,Corsair,CMH32GX4M2D3600C18W,840006632085,DDR4-3600,32 GB,3600,18-22-22-42,2
Corsair Vengeance RGB Pro SL,$163.2 USD,Corsair,CMH32GX4M4D3600C18,840006632146,DDR4-3600,32 GB,3600,18-22-22-42,4
Corsair Vengeance RGB Pro SL,$235.74 USD,Corsair,CMH32GX4M4E3200C16,840006632153,DDR4-3200,32 GB,3200,16-20-20-38,4
Corsair Vengeance RGB Pro SL DDR4-3200,$148.69 USD,Corsair,CMH32GX4M4E3200C16W,840006632160,DDR4-3200,32 GB,3200,16-20-20-38,4
Corsair Vengeance RGB Pro SL für AMD Ryzen,$98.64 USD,Corsair,CMH32GX4M2Z3600C18,840006632139,DDR4-3600,32 GB,3600,18-22-22-42,2
Corsair Vengeance RGB Pro SL für AMD Ryzen,$206.72 USD,Corsair,CMH32GX4M2Z3200C16,840006632122,DDR4-3200,32 GB,3200,16-20-20-38,2
Corsair Vengeance RGB RS,$66.72 USD,Corsair,CMG16GX4M2D3600C18,840006648994,DDR4-3600,16 GB,3600,18-22-22-42,2
Corsair Vengeance RGB RS,$87.04 USD,Corsair,CMG32GX4M2E3200C16,840006649038,DDR4-3200,32 GB,3200,16-20-20-38,2
Corsair Vengeance RGB RS,$112.1 USD,Corsair,CMG32GX4M2D3600C18,840006649021,DDR4-3600,32 GB,3600,18-22-22-42,2
Corsair Vengeance RGB RS,$142.89 USD,Corsair,CMG32GX4M4E3200C16,840006649069,DDR4-3200,32 GB,3200,16-20-20-38,4
Corsair Vengeance RGB RS,$184.96 USD,Corsair,CMG32GX4M4D3600C18,840006649052,DDR4-3600,32 GB,3600,18-22-22-42,4
Corsair Vengeance RGB RS,$209.79 USD,Corsair,CMG64GX4M2E3200C16,840006649083,DDR4-3200,64 GB,3200,16-20-20-38,2
Corsair Vengeance RGB RS,$239.37 USD,Corsair,CMG64GX4M2D3600C18,840006649076,DDR4-3600,64 GB,3600,18-22-22-42,2
Corsair Vengeance RGB RS,$272.01 USD,Corsair,CMG64GX4M4E3200C16,840006649090,DDR4-3200,64 GB,3200,16-20-20-38,4
Corsair Vengeance RGB RT,$67.45 USD,Corsair,CMN16GX4M2Z3600C18W,840006650515,DDR4-3600,16 GB,3600,18-22-22-42,2
Corsair Vengeance RGB RT,$68.17 USD,Corsair,CMN16GX4M2Z3200C16,840006650478,DDR4-3200,16 GB,3200,16-20-20-38,2
Corsair Vengeance RGB RT,$72.36 USD,Corsair,CMN16GX4M2Z3600C18,840006650508,DDR4-3600,16 GB,3600,18-22-22-42,2
Corsair Vengeance RGB RT,$72.53 USD,Corsair,CMN16GX4M2Z3600C16,840006650492,DDR4-3600,16 GB,3600,16-20-20-38,2
Corsair Vengeance RGB RT,$84.88 USD,Corsair,CMN16GX4M2Z3200C16W,840006650485,DDR4-3200,16 GB,3200,16-20-20-38,2
Corsair Vengeance RGB RT,$97.92 USD,Corsair,CMN16GX4M2Z4000C18,840006650522,DDR4-4000,16 GB,4000,18-22-22-42,2
Corsair Vengeance RGB RT,$105.17 USD,Corsair,CMN32GX4M2Z3600C18W,840006650591,DDR4-3600,32 GB,3600,18-22-22-42,2
Corsair Vengeance RGB RT,$105.17 USD,Corsair,CMN32GX4M2Z3600C16,840006650577,DDR4-3600,32 GB,3600,16-20-20-38,2
Corsair Vengeance RGB RT,$106.78 USD,Corsair,CMN32GX4M2Z3200C16,840006650553,DDR4-3200,32 GB,3200,16-20-20-38,2
Corsair Vengeance RGB RT,$133.46 USD,Corsair,CMN32GX4M4Z3200C16W,840006650621,DDR4-3200,32 GB,3200,16-20-20-38,4
Corsair Vengeance RGB RT,$134.19 USD,Corsair,CMN32GX4M2Z3600C18,840006650584,DDR4-3600,32 GB,3600,18-22-22-42,2
Corsair Vengeance RGB RT,$142.89 USD,Corsair,CMN32GX4M2Z3200C16W,840006650560,DDR4-3200,32 GB,3200,16-20-20-38,2
Corsair Vengeance RGB RT,$155.95 USD,Corsair,CMN32GX4M4Z3600C18W,840006650645,DDR4-3600,32 GB,3600,18-22-22-42,4
Corsair Vengeance RGB RT,$163.2 USD,Corsair,CMN32GX4M4Z3600C18,840006650638,DDR4-3600,32 GB,3600,18-22-22-42,4
Corsair Vengeance RGB RT,$166.1 USD,Corsair,CMN64GX4M2Z3600C18,840006650676,DDR4-3600,64 GB,3600,18-22-22-42,2
Corsair Vengeance RGB RT,$166.1 USD,Corsair,CMN32GX4M4Z3200C16,840006650614,DDR4-3200,32 GB,3200,16-20-20-38,4
Corsair Vengeance RGB RT,$169.38 USD,Corsair,CMN64GX4M2Z3200C16W,840006650669,DDR4-3200,64 GB,3200,16-20-20-38,2
Corsair Vengeance RGB RT,$170.27 USD,Corsair,CMN64GX4M2Z3200C16,840006650652,DDR4-3200,64 GB,3200,16-20-20-38,2
Corsair Vengeance RGB RT,$206.72 USD,Corsair,CMN32GX4M2Z4000C18,840006650607,DDR4-4000,32 GB,4000,18-22-22-42,2
Corsair Vengeance RGB RT,$221.96 USD,Corsair,CMN64GX4M4Z3600C18,840006650706,DDR4-3600,64 GB,3600,18-22-22-42,4
Corsair Vengeance RGB RT,$224.88 USD,Corsair,CMN32GX4M2Z4600C18,840006652113,DDR4-4600,32 GB,4600,18-22-22-42,2
Corsair Vengeance RGB RT,$253.87 USD,Corsair,CMN64GX4M4Z3200C16W,840006650690,DDR4-3200,64 GB,3200,16-20-20-38,4
Corsair Vengeance RGB RT,$253.87 USD,Corsair,CMN64GX4M4Z3200C16,840006650683,DDR4-3200,64 GB,3200,16-20-20-38,4
Corsair Vengeance RGB RT,$305.75 USD,Corsair,CMN128GX4M4Z3600C18,840006650461,DDR4-3600,128 GB,3600,18-22-22-42,4
Corsair Vengeance RGB RT,$692.73 USD,Corsair,CMN128GX4M4Z3200C16,840006650454,DDR4-3200,128 GB,3200,16-20-20-38,4
Corsair — 12GB Triple Channel DDR3 Memory Kit,$58.75 USD,Corsair,CMZ12GX3M3A2000C10,5052733877898,DDR3-2000,12 GB,2000,10-10-10-27,3
Corsair — 16GB Dual Channel DDR3 Memory Kit,$87.04 USD,Corsair,CMZ16GX3M2A1600C10B,4054318578733,DDR3-1600,16 GB,1600,10-10-10-27,2
Corsair — 24GB Triple Channel DDR3 Memory Kit,$120.41 USD,Corsair,CMZ24GX3M6A1600C9,843591011617,DDR3-1600,24 GB,1600,9-9-9-24,6
Corsair — 32GB Dual/Quad Channel DDR3 Memory Kit,$79.78 USD,Corsair,CMZ32GX3M4X1600C10,21111181303,DDR3-1600,32 GB,1600,10-10-10-27,4
Corsair — 4GB Dual Channel DDR3 Memory Kit,$30.46 USD,Corsair,CMZ4GX3M2A1600C9,971478058803,DDR3-1600,4 GB,1600,9-9-9-24,2
Corsair — 4GB Single Module DDR3 Memory Kit,$29.01 USD,Corsair,CMZ4GX3M1A1600C9,9154400055137,DDR3-1600,4 GB,1600,9-9-9-24,1
Corsair — 4GB Single Module DDR3 Memory Kit,$33.08 USD,Corsair,CMZ4GX3M1A1600C9B,5054565241601,DDR3-1600,4 GB,1600,9-9-9-24,1
Corsair — 64GB Quad Channel DDR3 Memory Kit,$346.62 USD,Corsair,CMZ64GX3M8A1600C9,843591024990,DDR3-1600,64 GB,1600,9-9-9-24,8
Corsair — 8GB DDR3 Memory Kit,$55.32 USD,Corsair,CMZ8GX3M1A1600C10B,5054484870548,DDR3-1600,8 GB,1600,10-10-10-27,1
Corsair — 8GB Dual Channel DDR3 Memory Kit,$50.04 USD,Corsair,CMZ8GX3M2A1600C9B,809185813852,DDR3-1600,8 GB,1600,9-9-9-24,2
Crucial Ballistix Elite series,$234.23 USD,Crucial,BLE2K8G4D40BEEAK,649528821232,DDR4-4000,16 GB,4000,18-19-19-39,2
Crucial Ballistix Elite series,$278.09 USD,Crucial,BLE4K8G4D36BEEAK,649528789600,DDR4-3600,32 GB,3600,16-18-18,4
"Crucial Ballistix Elite Series, DDR4-3000, CL15 - 8 GB Kit",$76.88 USD,Crucial,BLE2C4G4D30AEEA,649528778888,DDR4-3000,8 GB,3000,15-16-16,2
Crucial Ballistix Sport AT,$33.4 USD,Crucial,BLS8G4D26BFSTK,649528786685,DDR4-2666,8 GB,2666,16-18-18,1
Crucial Ballistix Sport AT,$44.49 USD,Crucial,BLS8G4D30CESTK,649528786784,DDR4-3000,8 GB,3000,17-19-19,1
Crucial Ballistix Sport AT,$63.83 USD,Crucial,BLS16G4D26BFST,649528786739,DDR4-2666,16 GB,2666,16-18-18,1
Crucial Ballistix Sport AT,$66.31 USD,Crucial,BLS2K8G4D26BFSTK,649528786715,DDR4-2666,16 GB,2666,16-18-18,2
Crucial Ballistix Sport AT,$77.22 USD,Crucial,BLS2K8G4D30CESTK,649528786814,DDR4-3000,16 GB,3000,17-19-19,2
Crucial Ballistix Sport AT,$126.93 USD,Crucial,BLS4K8G4D26BFSTK,649528786722,DDR4-2666,32 GB,2666,16-18-18,4
Crucial Ballistix Sport AT,$133.59 USD,Crucial,BLS2K16G4D26BFST,649528786760,DDR4-2666,32 GB,2666,16-18-18,2
Crucial Ballistix Sport AT,$148.86 USD,Crucial,BLS4K8G4D30CESTK,649528786821,DDR4-3000,32 GB,3000,17-19-19,4
Crucial Ballistix Sport AT series,$40.19 USD,Crucial,BLS8G4D32AESTK,649528789228,DDR4-3200,8 GB,3200,16-18-18,1
Crucial Ballistix Sport AT series,$80.65 USD,Crucial,BLS16G4D32AEST,649528789235,DDR4-3200,16 GB,3200,16-18-18,1
Crucial Ballistix Sport AT series,$158.88 USD,Crucial,BLS4K8G4D32AESTK,649528789259,DDR4-3200,32 GB,3200,16-18-18,4
Crucial Ballistix Sport AT series,$302.47 USD,Crucial,BLS4K16G4D32AEST,649528789273,DDR4-3200,64 GB,3200,16-18-18,4
Crucial Ballistix Sport LT Series grey,$19.22 USD,Crucial,BLS4G4D240FSB,649528771292,DDR4-2400,4 GB,2400,16-16-16,1
Crucial Ballistix Sport LT series grey,$35.99 USD,Crucial,BLS8G4D30AESBK,649528788740,DDR4-3000,8 GB,3000,15-16-16,1
Crucial Ballistix Sport LT Series grey,$39.47 USD,Crucial,BLS8G4D30BESBK,649528784650,DDR4-3000,8 GB,3000,16-18-18,1
Crucial Ballistix Sport LT series grey,$40.14 USD,Crucial,BLS8G4D32AESBK,649528789105,DDR4-3200,8 GB,3200,16-18-18,1
Crucial Ballistix Sport LT Series grey,$64.79 USD,Crucial,BLS16G4D240FSB,649528773821,DDR4-2400,16 GB,2400,16-16-16,1
Crucial Ballistix Sport LT series grey,$73.79 USD,Crucial,BLS2K8G4D30AESBK,649528788764,DDR4-3000,16 GB,3000,15-16-16,2
Crucial Ballistix Sport LT series grey,$80.38 USD,Crucial,BLS16G4D32AESB,649528789112,DDR4-3200,16 GB,3200,16-18-18,1
Crucial Ballistix Sport LT series grey,$80.54 USD,Crucial,BLS16G4D30AESB,649528788757,DDR4-3000,16 GB,3000,15-16-16,1
Crucial Ballistix Sport LT Series grey,$80.9 USD,Crucial,BLS2K8G4D30BESBK,649528784681,DDR4-3000,16 GB,3000,16-18-18,2
Crucial Ballistix Sport LT Series grey,$82.07 USD,Crucial,BLS16G4D30BESB,649528784803,DDR4-3000,16 GB,3000,16-18-18,1
Crucial Ballistix Sport LT series grey,$144.34 USD,Crucial,BLS4K8G4D30AESBK,649528788771,DDR4-3000,32 GB,3000,15-16-16,2
Crucial Ballistix Sport LT series grey,$152.18 USD,Crucial,BLS2K16G4D30AESB,649528788788,DDR4-3000,32 GB,3000,15-16-16,2
Crucial Ballistix Sport LT Series grey,$152.95 USD,Crucial,BLS2C16G4D30BESB,649528784834,DDR4-3000,32 GB,3000,16-18-18,2
Crucial Ballistix Sport LT series grey,$171.48 USD,Crucial,BLS4K8G4D32AESBK,649528789136,DDR4-3200,32 GB,3200,16-18-18,4
Crucial Ballistix Sport LT series grey,$297.4 USD,Crucial,BLS4K16G4D30AESB,649528788795,DDR4-3000,64 GB,3000,15-16-16,4
Crucial Ballistix Sport LT series grey,$302.47 USD,Crucial,BLS4K16G4D32AESB,649528789150,DDR4-3200,64 GB,3200,16-18-18,4
Crucial Ballistix Sport LT Series grey DDR4-2400,$34.81 USD,Crucial,BLS2K4G4D240FSB,649528771315,DDR4-2400,8 GB,2400,16-16-16,2
Crucial Ballistix Sport LT Series grey DDR4-2400,$36.15 USD,Crucial,BLS8G4D240FSBK,649528778130,DDR4-2400,8 GB,2400,16-16-16,1
Crucial Ballistix Sport LT Series grey DDR4-2400,$78.74 USD,Crucial,BLS4K4G4D240FSB,649528771339,DDR4-2400,16 GB,2400,16-16-16,4
"Crucial Ballistix Sport LT Series grey DDR4-2400, CL16 - 16 GB Kit",$78.74 USD,Crucial,BLS4C4G4D240FSB,649528771377,DDR4-2400,16 GB,2400,16-16-16,4
Crucial Ballistix Sport LT Series grey DDR4-2666,$67.21 USD,Crucial,BLS2K8G4D26BFSBK,649528782014,DDR4-2666,16 GB,2666,16-18-18,2
Crucial Ballistix Sport LT Series grey DDR4-2666,$68.77 USD,Crucial,BLS8G4D26BFSB,649528781673,DDR4-2666,8 GB,2666,16-18-18,1
Crucial Ballistix Sport LT Series red,$19.57 USD,Crucial,BLS4G4D240FSE,649528777225,DDR4-2400,4 GB,2400,16-16-16,1
Crucial Ballistix Sport LT Series red,$19.62 USD,Crucial,BLS4G4D26BFSE,649528781826,DDR4-2666,4 GB,2666,16-18-18,1
Crucial Ballistix Sport LT Series red,$34.09 USD,Crucial,BLS8G4D26BFSEK,649528782083,DDR4-2666,8 GB,2666,16-18-18,1
Crucial Ballistix Sport LT series red,$37.3 USD,Crucial,BLS8G4D30AESEK,649528788801,DDR4-3000,8 GB,3000,15-16-16,1
Crucial Ballistix Sport LT series red,$39.47 USD,Crucial,BLS8G4D32AESEK,649528789167,DDR4-3200,8 GB,3200,16-18-18,1
Crucial Ballistix Sport LT Series red,$40.19 USD,Crucial,BLS2K4G4D240FSE,649528777317,DDR4-2400,8 GB,2400,16-16-16,2
Crucial Ballistix Sport LT Series red,$64.91 USD,Crucial,BLS4K4G4D26BFSE,649528781864,DDR4-2666,16 GB,2666,16-18-18,4
Crucial Ballistix Sport LT Series red,$66.31 USD,Crucial,BLS16G4D240FSE,649528777249,DDR4-2400,16 GB,2400,16-16-16,1
Crucial Ballistix Sport LT Series red,$66.8 USD,Crucial,BLS2K8G4D240FSE,649528778420,DDR4-2400,16 GB,2400,16-16-16,2
Crucial Ballistix Sport LT Series red,$66.81 USD,Crucial,BLS16G4D26BFSE,649528782267,DDR4-2666,16 GB,2666,16-18-18,1
Crucial Ballistix Sport LT Series red,$71.64 USD,Crucial,BLS4K4G4D240FSE,649528777348,DDR4-2400,16 GB,2400,16-16-16,4
Crucial Ballistix Sport LT series red,$73.94 USD,Crucial,BLS16G4D30AESE,649528788818,DDR4-3000,16 GB,3000,15-16-16,1
Crucial Ballistix Sport LT series red,$76.57 USD,Crucial,BLS16G4D32AESE,649528789174,DDR4-3200,16 GB,3200,16-18-18,1
Crucial Ballistix Sport LT series red,$91.03 USD,Crucial,BLS2K8G4D30AESEK,649528788825,DDR4-3000,16 GB,3000,15-16-16,2
Crucial Ballistix Sport LT series red,$142.23 USD,Crucial,BLS4K8G4D30AESEK,649528788832,DDR4-3000,32 GB,3000,15-16-16,4
Crucial Ballistix Sport LT series red,$153.77 USD,Crucial,BLS2K16G4D30AESE,649528788849,DDR4-3000,32 GB,3000,15-16-16,2
Crucial Ballistix Sport LT series red,$160.32 USD,Crucial,BLS4K8G4D32AESEK,649528789211,DDR4-3200,32 GB,3200,16-18-18,4
Crucial Ballistix Sport LT series red,$296.0 USD,Crucial,BLS4K16G4D30AESE,649528788856,DDR4-3000,64 GB,3000,15-16-16,4
Crucial Ballistix Sport LT series red,$318.35 USD,Crucial,BLS4K16G4D32AESE,649528789204,DDR4-3200,64 GB,3200,16-18-18,4
"Crucial Ballistix Sport LT Series red, DDR4-2400, CL16 - 16 GB Kit",$71.64 USD,Crucial,BLS4C4G4D240FSE,649528777287,DDR4-2400,16 GB,2400,16,4
Crucial Ballistix Sport LT Series white,$18.36 USD,Crucial,BLS4G4D240FSC,649528774231,DDR4-2400,4 GB,2400,16-16-16,1
Crucial Ballistix Sport LT series white,$37.3 USD,Crucial,BLS8G4D30AESCK,649528788689,DDR4-3000,8 GB,3000,15-16-16,1
Crucial Ballistix Sport LT series white,$37.57 USD,Crucial,BLS8G4D32AESCK,649528789044,DDR4-3200,8 GB,3200,16-18-18,1
Crucial Ballistix Sport LT Series white,$61.92 USD,Crucial,BLS16G4D240FSC,649528774255,DDR4-2400,16 GB,2400,16-16-16,1
Crucial Ballistix Sport LT Series white,$64.79 USD,Crucial,BLS16G4D26BFSC,649528782212,DDR4-2666,16 GB,2666,16-18-18,1
Crucial Ballistix Sport LT series white,$73.03 USD,Crucial,BLS16G4D32AESC,649528789051,DDR4-3200,16 GB,3200,16-18-18,1
Crucial Ballistix Sport LT series white,$74.74 USD,Crucial,BLS16G4D30AESC,649528788696,DDR4-3000,16 GB,3000,15-16-16,1
Crucial Ballistix Sport LT series white,$75.92 USD,Crucial,BLS2K8G4D30AESCK,649528788702,DDR4-3000,16 GB,3000,15-16-16,2
Crucial Ballistix Sport LT series white,$144.34 USD,Crucial,BLS4K8G4D30AESCK,649528788719,DDR4-3000,32 GB,3000,15-16-16,4
Crucial Ballistix Sport LT series white,$149.42 USD,Crucial,BLS2K16G4D30AESC,649528788726,DDR4-3000,32 GB,3000,15-16-16,2
Crucial Ballistix Sport LT series white,$247.43 USD,Crucial,BLS4K16G4D30AESC,649528788733,DDR4-3000,64 GB,3000,15-16-16,4
Crucial Ballistix Sport LT Series white DDR4-2400,$40.19 USD,Crucial,BLS2K4G4D240FSC,649528774262,DDR4-2400,8 GB,2400,16-16-16,2
Crucial Ballistix Sport LT Series white DDR4-2400,$120.33 USD,Crucial,BLS2K8G4D240FSC,649528774279,DDR4-2400,16 GB,2400,16-16-16,2
Crucial Ballistix Sport LT Series white DDR4-2400,$127.19 USD,Crucial,BLS2K16G4D240FSC,649528774286,DDR4-2400,32 GB,2400,16-16-16,2
Crucial Ballistix Tactical Tracer RGB,$56.76 USD,Crucial,BLT8G4D32AET4K,649528789341,DDR4-3200,8 GB,3200,16-18-18,1
Crucial Ballistix Tactical Tracer RGB,$141.18 USD,Crucial,BLT4C8G4D26BFT4K,649528785602,DDR4-2666,32 GB,2666,16-18-18,4
Crucial Ballistix Tactical Tracer RGB,$141.18 USD,Crucial,BLT4K8G4D26BFT4K,649528785626,DDR4-2666,32 GB,2666,16-18-18,4
"Crucial Ballistix Tactical, DDR4-3000, CL15 - 8 GB Kit",$65.28 USD,Crucial,BLT2C4G4D30AETA,649528778789,DDR4-3000,8 GB,3000,16,2
Crucial Value Series DDR4-2400,$15.99 USD,Crucial,CT4G4DFS824A,649528769817,DDR4-2400,4 GB,2400,17-17-17,1
G.Skill Ripjaws V DDR4-2400 16GB,$50.77 USD,G.Skill,F4-2400C15D-16GVR,848354013198,DDR4-2400,16 GB,2400,15-15-15-35-2N,2
G.Skill Ripjaws V DDR4-2400 32GB,$87.04 USD,G.Skill,F4-2400C15D-32GVR,848354013273,DDR4-2400,32 GB,2400,15-15-15-35-2N,2
G.Skill Ripjaws V DDR4-2400 8GB,$42.9 USD,G.Skill,F4-2400C15D-8GVR,848354013112,DDR4-2400,8 GB,2400,15-15-15-35-2N,2
G.Skill Ripjaws V DDR4-3000 16GB,$79.78 USD,G.Skill,F4-3000C15D-16GVKB,4719692004574,DDR4-3000,16 GB,3000,15-16-16-35-2N,2
G.Skill Ripjaws V DDR4-3000 32GB,$164.65 USD,G.Skill,F4-3000C15Q-32GVR,4719692004352,DDR4-3000,32 GB,3000,15-15-15-35-2N,4
G.Skill Ripjaws V DDR4-3200 32GB,$208.9 USD,G.Skill,F4-3200C15Q-32GVR,848354019466,DDR4-3200,32 GB,3200,15-15-15-35-2N,4
G.Skill RipJaws V Series,$119.68 USD,G.Skill,F4-3000C15D-32GVR,4719692004390,DDR4-3000,32 GB,3000,15-15-15-35,2
G.Skill Sniper X Series,$156.67 USD,G.Skill,F4-3200C16Q-32GSXFB,4719692019660,DDR4-3200,32 GB,3200,16-18-18-38,4
G.Skill Sniper X Series,$170.37 USD,G.Skill,F4-3200C16Q-32GSXWB,4719692019646,DDR4-3200,32 GB,3200,16-18-18-38,4
G.Skill Sniper X Series,$175.19 USD,G.Skill,F4-3200C16Q-32GSXKB,4719692019653,DDR4-3200,32 GB,3200,16-18-18-38,4
G.Skill Trident Z RGB DDR4-2400 16GB,$93.47 USD,G.Skill,F4-2400C15D-16GTZR,848354025115,DDR4-2400,16 GB,2400,15-15-15-35-2N,2
G.Skill Trident Z RGB DDR4-2400 32GB,$199.85 USD,G.Skill,F4-2400C15Q-32GTZR,848354025122,DDR4-2400,32 GB,2400,15-15-15-35-2N,4
G.Skill Trident Z RGB DDR4-3200 32GB,$137.81 USD,G.Skill,F4-3200C16Q-32GTZR,848354024989,DDR4-3200,32 GB,3200,16-18-18-38,4
G.Skill Trident Z RGB DDR4-3866 16GB,$159.03 USD,G.Skill,F4-3866C18D-16GTZR,848354024941,DDR4-3866,16 GB,3866,18-19-19-39-2N,2
G.Skill Trident Z RGB Series,$108.07 USD,G.Skill,F4-3000C16D-16GTZR,4719692015457,DDR4-3000,16 GB,3000,16-18-18-38,2
"HyperX Fury Series, DDR4-2666, CL15 - 8 GB Kit",$58.33 USD,HyperX,HX426C15FBK2/8,740617244380,DDR4-2666,8 GB,2666,15-17-17,2
Kingston Fury Beast,$53.66 USD,Kingston,KF436C17BBK2/16,740617319781,DDR4-3600,16 GB,3600,CL17-21-21,2
Kingston Fury Beast,$166.1 USD,Kingston,KF436C18BBK2/64,740617319729,DDR4-3600,64 GB,3600,18-22-22,2
Kingston Fury Beast RGB,$86.31 USD,Kingston,KF436C18BBAK2/32,740617319057,DDR4-3600,32 GB,3600,18-22-22,2
Kingston Fury Beast RGB,$158.12 USD,Kingston,KF436C18BBAK2/64,740617319019,DDR4-3600,64 GB,3600,18-22-22,2
Kingston Fury Renegade,$92.6 USD,Kingston,KF436C16RBK2/16,740617322484,DDR4-3600,16 GB,3600,16-20-20,2
Kingston HyperX Predator,$505.49 USD,Kingston,HX430C15PB3K4/64,740617258479,DDR4-3000,64 GB,3000,15-17-17,4
Kingston Server DIMM,$114.04 USD,Kingston,KSM26RD8/16HAI,740617270860,DDR4-2666,16 GB,2666,19-19-19,1
Thermaltake Toughram RGB DDR4-3000 CL16 - 16 GB Dual-Kit,$98.54 USD,Thermaltake,R009D408GX2-3000C16B,4713227522052,DDR4-3000,16 GB,3000,16-18-18-38,2
Thermaltake Toughram RGB DDR4-4400 CL19- 16 GB Dual-Kit,$156.51 USD,Thermaltake,R009D408GX2-4400C19A,4713227523080,DDR4-4400,16 GB,4400,19-25-25-45,2
