Nombre,Precio,Proveedor,MPN,EAN,Longitud,Ranuras,Conectores de 8 pines,Conectores de 6 pines,HDMI,DisplayPort,DVI,VGA,Relog de Boost,Vram,Reloj de memoria,TDP
ASRock Radeon RX 7700 XT Phantom Gaming 12GO,$499.61 USD,ASRock,90-GA4LZZ-00UANF,4710483943614,328 mm,2.5,2,0,1,3,0,0,2599 MHz,12 GB,18000 MHz,245 W
ASRock Radeon RX 7800 XT Challenger 16GO,$547.11 USD,ASRock,90-GA4SZZ-00UANF,4710483943683,267 mm,2.5,2,0,1,3,0,0,2475 MHz,16 GB,19500 MHz,263 W
ASUS Radeon RX 6700 XT TUF O12G,$768.16 USD,ASUS,90YV0G80-M0NA00,4711081119289,322 mm,3.0,1,1,1,3,0,0,2622 MHz,12 GB,8000 MHz,230 W
Gigabyte GeForce RTX 3050 Eagle OC,$283.32 USD,Gigabyte,GV-N3050EAGLE OC-8GD,4719331310721,213 mm,2.0,1,0,2,2,0,0,1792 MHz,8 GB,4 MHz,130 W
Gigabyte GeForce RTX 3050 Gaming OC,$295.95 USD,Gigabyte,GV-N3050GAMING OC-8GD,4719331310691,282 mm,2.0,1,0,2,2,0,0,1822 MHz,8 GB,4 MHz,130 W
Gigabyte GeForce RTX 3060 Gaming OC 12G LHR,$297.4 USD,Gigabyte,GV-N3060GAMING OC-12GD 2.0,4719331309312,282 mm,2.0,1,0,2,2,0,0,1837 MHz,12 GB,15000 MHz,170 W
Gigabyte GeForce RTX 3060 Ti Gaming OC 8G LHR,$426.51 USD,Gigabyte,GV-N306TGAMING OC-8GD 2.0,4719331309794,282 mm,2.0,1,0,2,2,0,0,1740 MHz,8 GB,14000 MHz,230 W
Gigabyte GeForce RTX 3060 Ti Gaming OC Pro 8G LHR,$649.8 USD,Gigabyte,GV-N306TGAMINGOC PRO-8GD 3.0,4719331309411,281 mm,2.0,1,1,2,2,0,0,1770 MHz,8 GB,14000 MHz,200 W
Gigabyte GeForce RTX 3060 Vision OC 12G LHR,$355.43 USD,Gigabyte,GV-N3060VISION OC-12GD 2.0,4719331309350,280 mm,2.0,1,0,2,2,0,0,1837 MHz,12 GB,15000 MHz,170 W
Gigabyte GeForce RTX 3070 Ti Master,$1034.26 USD,Gigabyte,GV-N307TAORUS M-8GD,4719331309336,324 mm,3.5,2,1,3,3,0,0,1875 MHz,8 GB,19000 MHz,290 W
Gigabyte GeForce RTX 3080 Ti Eagle OC 12G LHR,$1305.67 USD,Gigabyte,GV-N308TEAGLE OC-12GD,4719331308827,320 mm,2.7,2,0,2,3,0,0,1680 MHz,12 GB,19000 MHz,320 W
GIGABYTE GeForce RTX 4060 Ti Eagle,$398.22 USD,Gigabyte,GV-N406TEAGLE-8GD,4719331313401,272 mm,2.0,1,0,2,2,0,0,2535 MHz,8 GB,18000 MHz,160 W
GIGABYTE GeForce RTX 4060 Ti Gaming OC,$435.22 USD,Gigabyte,GV-N406TGAMING OC-8GD,4719331313456,281 mm,2.0,1,0,2,2,0,0,2535 MHz,8 GB,18000 MHz,160 W
GIGABYTE GeForce RTX 4070 Gaming OC,$629.62 USD,Gigabyte,GV-N4070GAMING OC-12GD 1.0,4719331312947,300 mm,3.0,0,0,1,3,0,0,2565 MHz,12 GB,21000 MHz,200 W
GIGABYTE GeForce RTX 4080 Eagle OC,$1160.59 USD,Gigabyte,GV-N4080EAGLE OC-16GD,4719331311506,342 mm,3.0,0,0,1,3,0,0,2520 MHz,16 GB,22400 MHz,320 W
Gigabyte Radeon RX 6700 XT Eagle,$454.3 USD,Gigabyte,GV-R67XTEAGLE-12GD,4719331308629,282 mm,2.0,1,1,2,2,0,0,2581 MHz,12 GB,8000 MHz,230 W
Gigabyte Radeon RX 6700 XT Gaming OC,$948.74 USD,Gigabyte,GV-R67XTGAMING OC-12GD,4719331308612,281 mm,2.5,1,1,2,2,0,0,2622 MHz,12 GB,8000 MHz,230 W
MSI GeForce RTX 3050 Aero ITX 8G OC,$232.2 USD,MSI,V809-4041R,4719072943301,172 mm,2.0,1,0,1,3,0,0,1845 MHz,8 GB,4 MHz,130 W
MSI GeForce RTX 3050 Gaming X,$250.47 USD,MSI,V397-421R,4719072935092,278 mm,2.5,1,0,1,3,0,0,MHz,8 GB,4 MHz,130 W
MSI GeForce RTX 3050 Ventus 2X 8G OC,$216.87 USD,MSI,V397-418R,4719072939953,235 mm,2.0,1,0,1,3,0,0,MHz,8 GB,4 MHz,130 W
MSI GeForce RTX 3060 Gaming X,$380.81 USD,MSI,V397-019R,4719072796327,276 mm,2.5,1,1,1,3,0,0,1837 MHz,12 GB,7500 MHz,170 W
MSI GeForce RTX 3060 Ti Gaming X 8G LHR,$507.76 USD,MSI,V397-231R,4719072850029,278 mm,2.5,1,1,1,3,0,0,1770 MHz,8 GB,14000 MHz,220 W
MSI GeForce RTX 3060 Ti Ventus 2X 8G OCV1 LHR,$456.98 USD,MSI,V397-232R,4719072852061,235 mm,2.0,2,0,1,3,0,0,1695 MHz,8 GB,14000 MHz,200 W
MSI GeForce RTX 3060 Ventus 2X,$290.14 USD,MSI,V397-022R,4719072793814,235 mm,2.0,1,0,1,3,0,0,1807 MHz,12 GB,7500 MHz,170 W
MSI GeForce RTX 3060 Ventus 3X OC,$290.14 USD,MSI,V397-031R,4719072793821,316 mm,2.0,1,0,1,3,0,0,1807 MHz,12 GB,7500 MHz,170 W
MSI GeForce RTX 3070 Gaming Z Trio 8G LHR,$680.69 USD,MSI,V390-264R,4719072850784,323 mm,2.7,2,0,1,3,0,0,MHz,8 GB,14000 MHz,240 W
MSI GeForce RTX 3070 Ti Gaming X Trio,$716.38 USD,MSI,V505-009R,4719072843120,323 mm,2.75,2,0,1,3,0,0,1830 MHz,8 GB,19000 MHz,310 W
MSI GeForce RTX 3070 Ti Ventus 3X 8G OC LHR,$660.08 USD,MSI,V505-007R,4719072844028,316 mm,2.75,2,0,1,3,0,0,1800 MHz,8 GB,19000 MHz,290 W
MSI GeForce RTX 3070 Ventus 3X Plus 8G OC LHR,$565.79 USD,MSI,V390-457R,4719072858926,305 mm,2.5,2,0,1,3,0,0,MHz,8 GB,14000 MHz,220 W
MSI GeForce RTX 3080 Gaming Z Trio 10G LHR,$761.64 USD,MSI,V389-203R,4719072852160,323 mm,2.75,3,0,1,3,0,0,1830 MHz,10 GB,19000 MHz,370 W
MSI GeForce RTX 3080 Ti Gaming X Trio,$1301.48 USD,MSI,V389-058R,4719072824969,324 mm,2.75,3,0,1,3,0,0,1770 MHz,12 GB,19000 MHz,350 W
MSI GeForce RTX 3080 Ventus 3X Plus 10G OC LHR,$810.24 USD,MSI,V389-263R,4719072874452,305 mm,2.7,2,0,1,3,0,0,1740 MHz,10 GB,19000 MHz,320 W
MSI GeForce RTX 4060 Gaming X,$304.64 USD,MSI,V516-003R,4711377115476,247 mm,2.5,1,0,1,3,0,0,2595 MHz,8 GB,17000 MHz,115 W
MSI GeForce RTX 4060 Ti Gaming X,$427.96 USD,MSI,V515-015R,4711377102544,247 mm,2.0,1,0,1,3,0,0,2640 MHz,8 GB,18000 MHz,160 W
MSI GeForce RTX 4060 Ti Ventus 2X Black 8G OC,$509.98 USD,MSI,V515-017R,4711377102582,199 mm,2.5,1,0,1,3,0,0,2565 MHz,8 GB,18000 MHz,160 W
MSI GeForce RTX 4070 Ventus 3X 12G OC,$609.31 USD,MSI,V513-057R,4711377087810,308 mm,2.25,1,0,1,3,0,0,2505 MHz,12 GB,21000 MHz,200 W
MSI GeForce RTX 4080 Suprim X,$1436.24 USD,MSI,V511-004R,4711377027205,336 mm,3.5,0,0,1,3,0,0,MHz,16 GB,22400 MHz,320 W
MSI Radeon RX 6600 XT Mech 2X,$340.92 USD,MSI,V502-004R,4719072860837,235 mm,2.0,1,0,1,3,0,0,MHz,8 GB,16000 MHz,160 W
MSI Radeon RX 6700 XT Gaming X,$528.28 USD,MSI,V398-007R,4719072806637,279 mm,3.0,2,0,1,3,0,0,MHz,12 GB,8000 MHz,230 W
MSI Radeon RX 7600 Mech 2X Classic 8G OC,$253.14 USD,MSI,V502-094R,4711377102513,235 mm,,1,0,1,3,0,0,2695 MHz,8 GB,18000 MHz,165 W
PNY GeForce RTX 3090 XLR8 Gaming EPIC-X RGB,$1717.88 USD,PNY,VCG309024TFXPPB,751492639543,294 mm,2.75,2,0,1,3,0,0,MHz,24 GB,19500 MHz,350 W
PNY GeForce RTX 4080 XLR8 Gaming VERTO Edition,$1175.1 USD,PNY,VCG408016TFXXPB1,751492756400,332 mm,3.5,0,0,1,3,0,0,2505 MHz,16 GB,22400 MHz,320 W
PNY GeForce RTX 4080 XLR8 Gaming VERTO OC Edition,$1196.86 USD,PNY,VCG408016TFXXPB1-O,751492761220,332 mm,3.5,0,0,1,3,0,0,2550 MHz,16 GB,22400 MHz,320 W
PNY GeForce RTX 4080 XLR8 Gaming VERTO Triple Fan Edition,$1232.25 USD,PNY,VCG408016TFXPB1,751492761251,336.9 mm,3.0,0,0,1,3,0,0,2505 MHz,16 GB,22400 MHz,320 W
Sapphire Pulse Radeon RX 7600 Gaming,$275.64 USD,SAPPHIRE,11324-01-20G,4895106293618,240 mm,2.0,1,0,1,3,0,0,2754 MHz,8 GB,18000 MHz,165 W
ZOTAC GAMING GeForce RTX 3060 Twin Edge OC,$340.92 USD,ZOTAC,ZT-A30600H-10M,4895173622830,225 mm,2.0,1,0,1,3,0,0,1807 MHz,12 GB,7500 MHz,170 W
ZOTAC Gaming GeForce RTX 4060 Ti Twin Edge OC SPIDER-MANâ„¢ Across the Spider-Verse,$413.46 USD,ZOTAC,ZT-D40610H-10SMP,4895173626982,225.5 mm,2.2,1,0,1,3,0,0,2550 MHz,8 GB,18000 MHz,160 W
Asus AREZ PH RX 550 2G,$112.43 USD,ASUS,AREZ-PH-RX550-2G,192876023402,192 mm,2.0,0,0,1,1,1,0,1071 MHz,2 GB,6000 MHz,50 W
Asus CERBERUS GTX 1050 O2G,$154.5 USD,ASUS,CERBERUS-GTX1050-O2G,889349927366,203 mm,2.0,0,0,1,1,1,0,1544 MHz,2 GB,7008 MHz,75 W
Asus CERBERUS GTX 1050TI O4G,$205.64 USD,ASUS,CERBERUS-GTX1050TI-O4G,889349927298,203 mm,2.0,0,0,1,1,1,0,1480 MHz,4 GB,7008 MHz,75 W
Asus DUAL GTX 1060 O3G,$235.01 USD,ASUS,DUAL-GTX1060-O3G,779184783312,242 mm,2.1,0,1,2,2,1,0,1809 MHz,3 GB,8008 MHz,120 W
Asus DUAL GTX 1060 O6G,$268.53 USD,ASUS,DUAL-GTX1060-O6G,889349476086,242 mm,2.1,0,1,2,2,1,0,1809 MHz,6 GB,8008 MHz,120 W
Asus DUAL RX 580 O4G,$236.31 USD,ASUS,DUAL-RX580-O4G,889349731666,242 mm,1.0,1,0,2,2,1,0,1380 MHz,4 GB,7000 MHz,185 W
Asus DUAL RX 580 O8G,$242.26 USD,ASUS,DUAL-RX580-O8G,190198470690,242 mm,1.0,1,0,2,2,1,0,1380 MHz,8 GB,MHz,185 W
ASUS GeForce GTX 1050 Ti PH,$188.59 USD,ASUS,90YV0A70-M0NA00,4712900570175,212 mm,2.0,0,0,0,0,0,0,1392 MHz,4 GB,4 MHz,75 W
ASUS GeForce GTX 1050 Ti STRIX O4G Gaming,$188.59 USD,ASUS,90YV0A30-M0NA00,4712900578126,241 mm,2.0,0,1,0,0,0,0,1493 MHz,4 GB,4 MHz,75 W
ASUS GeForce GTX 1070 Dual O8G,$403.44 USD,ASUS,90YV09T1-M0NA00,4712900478716,240 mm,2.0,1,0,0,0,0,0,1771 MHz,8 GB,4 MHz,150 W
ASUS GeForce GTX 1070 STRIX 8G Gaming,$580.29 USD,ASUS,90YV09N2-M0NA00,4712900455052,298 mm,2.0,1,0,0,0,0,0,1683 MHz,8 GB,4 MHz,150 W
ASUS GeForce GTX 1070 Ti Cerberus A8G,$541.21 USD,ASUS,90YV0BJ1-M0NA00,4712900910179,270 mm,2.5,1,0,0,0,0,0,1683 MHz,8 GB,2 MHz,180 W
ASUS GeForce GTX 1080 STRIX 8G Gaming,$543.48 USD,ASUS,90YV09M1-M0NM00,4712900442250,298 mm,2.0,1,1,0,0,0,0,1733 MHz,8 GB,5 MHz,180 W
"ASUS GeForce GTX 1650 Dual O4G, 4096 MB GDDR5",$203.82 USD,ASUS,90YV0CV2-M0NA00,4718017295734,204 mm,2.0,0,0,1,1,1,0,1755 MHz,4 GB,8000 MHz,75 W
"ASUS GeForce GTX 1650 Phoenix O4G, 4096 MB GDDR5",$187.86 USD,ASUS,90YV0CV0-M0NA00,4718017295772,190 mm,2.0,0,0,1,1,1,0,1710 MHz,4 GB,8000 MHz,75 W
ASUS GeForce GTX 1660 Super Dual O6G Evo,$255.84 USD,ASUS,90YV0DS3-M0NA00,4718017504744,242 mm,2.75,1,0,1,1,1,0,MHz,6 GB,14002 MHz,125 W
ASUS GeForce GTX 1660 Super Phoenix,$285.78 USD,ASUS,90YV0DT0-M0NA00,4718017505291,174 mm,2.0,1,0,1,1,1,0,MHz,6 GB,14002 MHz,125 W
ASUS GeForce GTX 1660 Super TUF O6G Gaming,$289.41 USD,ASUS,90YV0DT2-MTNA00,4718017551618,206 mm,2.5,1,0,1,1,1,0,1815 MHz,6 GB,14002 MHz,125 W
ASUS GeForce GTX 1660 Ti Dual O6G,$299.08 USD,ASUS,90YV0CT2-M0NA00,4718017258142,215 mm,2.5,1,0,1,1,1,0,1800 MHz,6 GB,12000 MHz,120 W
ASUS GeForce RTX 2060 Dual O6G EVO,$224.13 USD,ASUS,90YV0CH2-M0NA00,4718017273831,242 mm,2.5,1,0,2,1,1,0,1755 MHz,6 GB,14000 MHz,160 W
ASUS GeForce RTX 2070 Super Dual O8G Evo,$507.76 USD,ASUS,90YV0DK0-M0NA00,4718017421331,267 mm,2.75,1,1,1,1,0,0,1815 MHz,8 GB,14000 MHz,260 W
ASUS GeForce RTX 2070 Super ROG Strix A8G Gaming,$602.05 USD,ASUS,90YV0DI1-M0NA00,4718017421195,305 mm,2.75,2,0,1,1,0,0,1800 MHz,8 GB,14000 MHz,260 W
Asus GT1030 2G CSM,$93.8 USD,ASUS,GT1030-2G-CSM,889349750964,173 mm,1.0,0,0,1,0,1,0,1506 MHz,2 GB,6008 MHz,30 W
Asus PH GT1030 O2G,$94.29 USD,ASUS,PH-GT1030-O2G,889349743447,184 mm,,0,0,1,0,1,0,1531 MHz,2 GB,6008 MHz,30 W
Asus PH GTX 1050 2G,$157.37 USD,ASUS,PH-GTX1050-2G,889349584613,192 mm,2.0,0,0,1,1,1,0,1455 MHz,2 GB,7008 MHz,75 W
Asus PH GTX 1050TI 4G,$158.76 USD,ASUS,PH-GTX1050TI-4G,4058829428709,192 mm,2.0,0,0,1,1,1,0,1392 MHz,4 GB,7008 MHz,75 W
Asus PH GTX 1060 3G,$236.86 USD,ASUS,PH-GTX1060-3G,889349723197,183 mm,2.0,0,1,2,2,1,0,1708 MHz,3 GB,8008 MHz,120 W
Asus PH GTX 1060 6G,$307.86 USD,ASUS,PH-GTX1060-6G,889349981689,72 mm,2.0,0,0,2,1,1,0,1708 MHz,6 GB,8008 MHz,120 W
Asus PH RX 550 4G M7,$138.94 USD,ASUS,PH-RX550-4G-M7,889349963289,192 mm,2.0,0,0,1,1,1,0,1071 MHz,4 GB,7000 MHz,50 W
Asus R7250 1GD5 V2,$95.87 USD,ASUS,R7250-1GD5-V2,889349316832,168 mm,1.0,0,0,1,1,1,0,925 MHz,1 GB,1125 MHz,0 W
ASUS Radeon RX 580 STRIX O8G Gaming,$201.65 USD,ASUS,90YV0AK0-M0NA00,4712900696295,298 mm,2.5,1,0,2,2,1,0,1380 MHz,8 GB,8000 MHz,185 W
Asus ROG STRIX GTX 1050TI 4G GAMING,$224.42 USD,ASUS,ROG STRIX-GTX1050TI-4G-GAMING,889349578179,241 mm,2.0,0,1,1,1,2,0,1430 MHz,4 GB,7008 MHz,75 W
Asus ROG STRIX GTX 1050TI O4G GAMING,$188.59 USD,ASUS,ROG STRIX-GTX1050TI-O4G-GAMING,889349578124,241 mm,2.0,0,1,1,1,2,0,1506 MHz,4 GB,7008 MHz,75 W
Asus ROG STRIX GTX 1060 6G GAMING,$331.03 USD,ASUS,ROG STRIX-GTX1060-6G-GAMING,889349469361,298 mm,2.0,1,0,2,2,1,0,1746 MHz,6 GB,8008 MHz,120 W
Asus ROG STRIX GTX 1060 O6G GAMING,$288.61 USD,ASUS,ROG STRIX-GTX1060-O6G-GAMING,889349469347,298 mm,2.0,1,0,2,2,1,0,1873 MHz,6 GB,8208 MHz,120 W
Asus ROG STRIX GTX 1070TI 8G GAMING,$529.52 USD,ASUS,ROG-STRIX-GTX1070TI-8G-GAMING,190017147772,298 mm,2.5,1,0,2,2,1,0,1721 MHz,8 GB,8008 MHz,180 W
Asus ROG STRIX GTX 1080 8G GAMING,$513.97 USD,ASUS,ROG STRIX-GTX1080-8G-GAMING,889349442234,298 mm,2.0,1,1,2,2,1,0,1771 MHz,8 GB,10010 MHz,180 W
Asus ROG STRIX GTX 1080TI 11G GAMING,$774.69 USD,ASUS,ROG-STRIX-GTX1080TI-11G-GAMING,889349718575,298 mm,2.5,2,0,2,2,1,0,1632 MHz,11 GB,11100 MHz,250 W
Asus ROG STRIX GTX 1080TI O11G GAMING,$994.98 USD,ASUS,ROG-STRIX-GTX1080TI-O11G-GAMING,889349714539,298 mm,2.5,2,0,2,2,1,0,1708 MHz,11 GB,11100 MHz,250 W
Asus ROG STRIX RX 560 O4G EVO GAMING,$151.4 USD,ASUS,ROG-STRIX-RX560-O4G-EVO-GAMING,889349874844,194 mm,2.0,0,0,1,1,1,0,1197 MHz,4 GB,6000 MHz,90 W
Asus ROG STRIX RX 580 8G GAMING,$256.28 USD,ASUS,ROG-STRIX-RX580-8G-GAMING,649558419836,298 mm,2.5,1,0,2,2,1,0,1360 MHz,8 GB,MHz,185 W
Asus RX 560 4G,$147.17 USD,ASUS,RX560-4G,889349703434,115 mm,2.0,0,0,1,1,1,0,1176 MHz,4 GB,7000 MHz,90 W
Asus RX 560 O4G,$159.58 USD,ASUS,RX560-O4G,889349703397,115 mm,2.0,0,0,1,1,1,0,1210 MHz,4 GB,7000 MHz,90 W
Asus TURBO GTX 1060 6G,$306.78 USD,ASUS,TURBO-GTX1060-6G,889349476116,2667 mm,2.0,0,1,2,2,1,0,1708 MHz,6 GB,8008 MHz,120 W
Asus TURBO GTX 1070 8G,$384.44 USD,ASUS,TURBO-GTX1070-8G,4058621158866,2667 mm,2.0,1,0,2,2,1,0,1683 MHz,8 GB,8008 MHz,150 W
Asus TURBO GTX 1070TI 8G,$362.68 USD,ASUS,TURBO-GTX1070TI-8G,889349892664,2667 mm,2.0,1,0,2,2,1,0,1721 MHz,8 GB,8008 MHz,180 W
Asus TURBO GTX 1080 8G,$577.46 USD,ASUS,TURBO-GTX1080-8G,7104753014253,2667 mm,2.0,1,0,2,2,1,0,1733 MHz,8 GB,10010 MHz,180 W
Asus TURBO GTX 1080TI 11G,$776.12 USD,ASUS,TURBO-GTX1080TI-11G,889349715185,2667 mm,2.0,1,1,2,2,0,0,1582 MHz,11 GB,11010 MHz,250 W
EVGA GeForce GT 1030 SC,$109.82 USD,EVGA,02G-P4-6332-KR,4250812420237,144.8 mm,,0,0,0,0,0,MPN,1544 MHz,2 GB,4 MHz,30 W
EVGA GeForce GTX 1050 FTW Gaming ACX 3.0,$167.81 USD,EVGA,02G-P4-6157-KR,4250812416636,266.7 mm,2.0,0,1,0,0,0,MPN,1556 MHz,2 GB,4 MHz,75 W
EVGA GeForce GTX 1050 SC Gaming,$145.47 USD,EVGA,02G-P4-6152-KR,4250812416650,144.7 mm,2.0,0,0,0,0,0,MPN,1531 MHz,2 GB,4 MHz,75 W
EVGA GeForce GTX 1050 Ti FTW Gaming,$203.1 USD,EVGA,04G-P4-6258-KR,4250812416438,256.54 mm,2.0,0,1,0,0,0,MPN,1493 MHz,4 GB,5 MHz,75 W
EVGA GeForce GTX 1050 Ti Gaming ACX 2.0,$220.51 USD,EVGA,04G-P4-6251-KR,4250812416629,145 mm,2.0,0,0,0,0,0,MPN,1392 MHz,4 GB,5 MHz,75 W
EVGA GeForce GTX 1050 Ti SC Gaming ACX 2.0,$214.38 USD,EVGA,04G-P4-6253-KR,4250812416612,145 mm,2.0,0,0,0,0,0,MPN,1468 MHz,4 GB,4 MHz,75 W
EVGA GeForce GTX 1050 Ti SSC Gaming ACX 3.0,$220.95 USD,EVGA,04G-P4-6255-KR,4250812416605,228.6 mm,2.0,0,0,0,0,0,MPN,1480 MHz,4 GB,4 MHz,75 W
EVGA GeForce GTX 1060,$272.02 USD,EVGA,06G-P4-5161-KR,4250812415349,266.7 mm,2.0,0,1,0,0,0,MPN,1706 MHz,6 GB,4 MHz,120 W
EVGA GeForce GTX 1060 FTW Gaming,$293.77 USD,EVGA,06G-P4-6268-KR,4250812415400,266.7 mm,2.0,1,0,0,0,0,MPN,1847 MHz,6 GB,4 MHz,120 W
EVGA GeForce GTX 1060 FTW+ Gaming ACX 3.0,$257.5 USD,EVGA,03G-P4-6367-KR,4250812416353,266.7 mm,2.0,1,0,0,0,0,MPN,1860 MHz,3 GB,4 MHz,120 W
EVGA GeForce GTX 1060 FTW+ Gaming ACX 3.0,$309.0 USD,EVGA,06G-P4-6368-KR,4250812416339,279.4 mm,2.0,1,0,0,0,0,MPN,1860 MHz,6 GB,4 MHz,120 W
EVGA GeForce GTX 1060 Gaming,$254.35 USD,EVGA,03G-P4-5160-KR,4250812415318,266.7 mm,2.0,0,1,0,0,0,MPN,1706 MHz,3 GB,4 MHz,120 W
EVGA GeForce GTX 1060 Gaming,$294.26 USD,EVGA,06G-P4-6161-KR,4250812415387,172.8 mm,2.0,0,1,0,0,0,MPN,1708 MHz,6 GB,4 MHz,120 W
EVGA GeForce GTX 1060 Gaming ACX 2.0,$238.82 USD,EVGA,03G-P4-6160-KR,4250812415363,172.8 mm,2.0,0,1,0,0,0,MPN,1708 MHz,3 GB,4 MHz,120 W
EVGA GeForce GTX 1060 SC Gaming,$215.48 USD,EVGA,03G-P4-6162-KR,4250812415356,172.8 mm,2.0,0,1,0,0,0,MPN,1835 MHz,3 GB,4 MHz,120 W
EVGA GeForce GTX 1060 SC Gaming,$254.64 USD,EVGA,06G-P4-6163-KR,4250812415370,172.8 mm,2.0,0,1,0,0,0,MPN,1835 MHz,6 GB,4 MHz,120 W
EVGA GeForce GTX 1060 SSC DT Gaming ACX 3.0,$299.78 USD,EVGA,06G-P4-6265-KR,4250812416513,266.7 mm,2.0,1,0,0,0,0,MPN,1733 MHz,6 GB,4 MHz,120 W
EVGA GeForce GTX 1060 SSC Gaming ACX 3.0,$226.38 USD,EVGA,03G-P4-6167-KR,4250812416506,266.7 mm,2.0,1,0,0,0,0,MPN,1835 MHz,3 GB,4 MHz,120 W
EVGA GeForce GTX 1060 SSC Gaming ACX 3.0,$324.71 USD,EVGA,06G-P4-6267-KR,4250812416490,266.7 mm,2.0,1,0,0,0,0,MPN,1835 MHz,6 GB,4 MHz,120 W
EVGA GeForce GTX 1070 FTW Gaming ACX 3.0,$526.62 USD,EVGA,08G-P4-6276-KR,4250812414052,266.7 mm,2.0,2,0,0,0,0,MPN,1797 MHz,8 GB,4 MHz,150 W
EVGA GeForce GTX 1070 FTW Hybrid Gaming,$463.77 USD,EVGA,08G-P4-6278-KR,4250812415776,266.7 mm,2.0,2,0,0,0,0,MPN,1797 MHz,8 GB,4 MHz,150 W
EVGA GeForce GTX 1070 FTW2 Gaming iCX,$460.71 USD,EVGA,08G-P4-6676-KR,4250812417824,266.7 mm,2.0,2,0,0,0,0,MPN,1797 MHz,8 GB,4 MHz,150 W
EVGA GeForce GTX 1070 Gaming ACX 3.0,$447.76 USD,EVGA,08G-P4-6171-KR,4250812414083,266.7 mm,2.0,1,0,0,0,0,MPN,1683 MHz,8 GB,4 MHz,150 W
EVGA GeForce GTX 1070 Hybrid Gaming,$453.92 USD,EVGA,08G-P4-6178-KR,4250812416322,266.7 mm,2.0,1,0,0,0,0,MPN,1784 MHz,8 GB,4 MHz,150 W
EVGA GeForce GTX 1070 SC 2 Gaming iCX,$447.93 USD,EVGA,08G-P4-6573-KR,4250812417800,266.7 mm,2.0,1,0,0,0,0,MPN,1784 MHz,8 GB,4 MHz,150 W
EVGA GeForce GTX 1070 SC Gaming ACX 3.0,$427.96 USD,EVGA,08G-P4-6173-KR,4250812414076,266.7 mm,2.0,1,0,0,0,0,MPN,1784 MHz,8 GB,4 MHz,150 W
EVGA GeForce GTX 1070 SC Gaming ACX 3.0 Black Edition,$455.7 USD,EVGA,08G-P4-5173-KR,4250812415738,266.7 mm,2.0,1,0,0,0,0,MPN,1784 MHz,8 GB,4 MHz,150 W
EVGA GeForce GTX 1070 Ti FTW Ultra Silent,$504.69 USD,EVGA,08G-P4-6678-KR,4250812423498,266.7 mm,3.0,2,0,0,0,0,MPN,1683 MHz,8 GB,2 MHz,180 W
EVGA GeForce GTX 1070 Ti FTW2 Gaming iCX,$535.74 USD,EVGA,08G-P4-6775-KR,4250812423207,266.7 mm,2.0,2,0,0,0,0,MPN,1683 MHz,8 GB,2 MHz,180 W
EVGA GeForce GTX 1070 Ti Gaming,$516.79 USD,EVGA,08G-P4-5670-KR,4250812423238,266.7 mm,2.0,1,0,0,0,0,MPN,1683 MHz,8 GB,2 MHz,180 W
EVGA GeForce GTX 1070 Ti SC Gaming ACX 3.0 Black Edition,$528.92 USD,EVGA,08G-P4-5671-KR,4250812423245,266.7 mm,2.0,1,0,0,0,0,MPN,1683 MHz,8 GB,2 MHz,180 W
EVGA GeForce GTX 1070 Ti SC Hybrid,$520.55 USD,EVGA,08G-P4-5678-KR,4250812423269,266.7 mm,2.0,1,0,0,0,0,MPN,1683 MHz,8 GB,2 MHz,180 W
EVGA GeForce GTX 1080 SC Gaming ACX 3.0,$583.41 USD,EVGA,08G-P4-6183-KR,4250812413994,266.7 mm,2.0,1,0,0,0,0,MPN,1847 MHz,8 GB,5 MHz,180 W
EVGA GeForce GTX 1080 Ti FTW3 Hybrid Gaming,$861.74 USD,EVGA,11G-P4-6698-KR,4250812420121,288.8 mm,2.0,2,0,0,0,0,MPN,1683 MHz,11 GB,8 MHz,250 W
EVGA GeForce GTX 1080 Ti SC2 Hybrid Gaming iCX,$768.05 USD,EVGA,11G-P4-6598-KR,4250812420145,266.7 mm,2.0,1,1,0,0,0,MPN,1670 MHz,11 GB,8 MHz,250 W
EVGA GeForce GTX 1650 Super SC Ultra,$309.7 USD,EVGA,04G-P4-1357-KR,843368064723,202.1 mm,2.0,0,1,1,1,1,MPN,1755 MHz,4 GB,12000 MHz,100 W
EVGA GeForce GTX 1660 Super SC Ultra,$270.16 USD,EVGA,06G-P4-1068-KR,843368064143,202.1 mm,2.0,1,0,1,1,1,MPN,1830 MHz,6 GB,14000 MHz,125 W
EVGA GeForce GTX 1660 Ti XC Black Gaming,$285.97 USD,EVGA,06G-P4-1261-KR,4250812432247,189.89 mm,3.0,1,0,1,1,1,MPN,1770 MHz,6 GB,12000 MHz,130 W
EVGA GeForce GTX 1660 Ti XC Gaming,$336.85 USD,EVGA,06G-P4-1263-KR,4250812432230,189.89 mm,3.0,1,0,1,1,1,MPN,1845 MHz,6 GB,12000 MHz,130 W
EVGA GeForce GTX 1660 XC,$222.68 USD,EVGA,06G-P4-1163-KR,843368060848,189.89 mm,3.0,1,0,1,1,1,MPN,1830 MHz,6 GB,8000 MHz,120 W
EVGA GeForce GTX 1660 XC Black,$220.75 USD,EVGA,06G-P4-1161-KR,843368060855,189.89 mm,3.0,1,0,1,1,1,MPN,1785 MHz,6 GB,8000 MHz,120 W
EVGA GeForce GTX 1660 XC Ultra,$256.16 USD,EVGA,06G-P4-1167-KR,843368060824,267.97 mm,2.0,1,0,1,1,1,MPN,1845 MHz,6 GB,8000 MHz,120 W
EVGA GeForce RTX 2060 KO Gaming,$329.23 USD,EVGA,06G-P4-2066-KR,843368065492,202.1 mm,,1,0,0,0,0,MPN,1680 MHz,6 GB,14000 MHz,160 W
EVGA GeForce RTX 2060 KO Ultra Gaming,$331.42 USD,EVGA,06G-P4-2068-KR,843368065485,202.1 mm,,1,0,0,0,0,MPN,1755 MHz,6 GB,14000 MHz,160 W
EVGA GeForce RTX 2060 Super SC Ultra Gaming,$419.26 USD,EVGA,08G-P4-3067-KR,4250812434036,269.83 mm,2.0,1,0,1,1,1,MPN,1680 MHz,8 GB,14000 MHz,175 W
EVGA GeForce RTX 2060 Super XC Gaming,$442.21 USD,EVGA,08G-P4-3162-KR,4250812434029,269.83 mm,2.0,1,1,1,1,0,MPN,1695 MHz,8 GB,14000 MHz,175 W
EVGA GeForce RTX 2060 Super XC Ultra Gaming,$478.23 USD,EVGA,08G-P4-3163-KR,4250812434012,269.83 mm,2.75,1,1,1,1,0,MPN,1695 MHz,8 GB,14000 MHz,175 W
EVGA GeForce RTX 2060 XC Black Gaming,$373.56 USD,EVGA,06G-P4-2061-KR,4250812431721,172.72 mm,3.0,1,0,1,1,1,MPN,1680 MHz,6 GB,14000 MHz,160 W
EVGA GeForce RTX 2060 XC Gaming,$381.74 USD,EVGA,06G-P4-2063-KR,4250812431448,172.72 mm,3.0,1,0,1,1,1,MPN,1755 MHz,6 GB,14000 MHz,160 W
EVGA GeForce RTX 2060 XC Ultra Gaming,$388.79 USD,EVGA,06G-P4-2167-KR,4250812431431,269.2 mm,2.0,1,0,1,2,1,MPN,1830 MHz,6 GB,14000 MHz,160 W
EVGA GeForce RTX 2070 Black Edition,$488.87 USD,EVGA,08G-P4-1071-KR,4250812430557,269.2 mm,2.0,1,0,1,2,1,MPN,1620 MHz,8 GB,14000 MHz,175 W
EVGA GeForce RTX 2070 Super Black Gaming,$477.93 USD,EVGA,08G-P4-3071-KR,4250812434173,269.83 mm,2.0,1,1,1,1,0,MPN,1770 MHz,8 GB,14000 MHz,260 W
EVGA GeForce RTX 2070 Super FTW3 Ultra Gaming,$558.53 USD,EVGA,08G-P4-3277-KR,4250812434135,301.925 mm,2.75,2,0,1,1,0,MPN,1815 MHz,8 GB,14000 MHz,260 W
EVGA GeForce RTX 2070 Super FTW3 Ultra+,$677.64 USD,EVGA,08G-P4-3377-KR,843368063986,302 mm,2.75,2,0,1,3,0,MPN,1815 MHz,8 GB,15500 MHz,215 W
EVGA GeForce RTX 2070 Super Gaming,$563.54 USD,EVGA,08G-P4-3070-KR,4250812434180,265.63 mm,2.0,1,1,1,1,0,MPN,1770 MHz,8 GB,14000 MHz,260 W
EVGA GeForce RTX 2070 Super KO Gaming,$553.79 USD,EVGA,08G-P4-2072-KR,843368065584,269.83 mm,2.0,1,1,1,1,0,MPN,1770 MHz,8 GB,15500 MHz,215 W
EVGA GeForce RTX 2070 Super XC Gaming,$540.39 USD,EVGA,08G-P4-3172-KR,4250812434166,269.83 mm,2.75,1,1,1,1,0,MPN,1800 MHz,8 GB,14000 MHz,260 W
EVGA GeForce RTX 2070 Super XC Ultra Gaming,$540.39 USD,EVGA,08G-P4-3173-KR,4250812434159,269.83 mm,3.0,1,1,1,1,0,MPN,1800 MHz,8 GB,14000 MHz,260 W
EVGA GeForce RTX 2070 Super XC Ultra+,$601.33 USD,EVGA,08G-P4-3175-KR,843368063993,269.83 mm,2.75,1,1,1,3,0,MPN,1800 MHz,8 GB,15500 MHz,215 W
EVGA GeForce RTX 2070 XC,$546.4 USD,EVGA,08G-P4-2172-KR,4250812429841,269.2 mm,2.0,1,0,1,3,0,MPN,1710 MHz,8 GB,14000 MHz,175 W
EVGA GeForce RTX 2070 XC Ultra,$572.31 USD,EVGA,08G-P4-2173-KR,4250812429834,269.2 mm,3.0,1,0,1,3,0,MPN,1725 MHz,8 GB,14000 MHz,175 W
EVGA GeForce RTX 2080 Super Black Gaming,$725.37 USD,EVGA,08G-P4-3081-KR,4250812434104,269.83 mm,2.0,1,1,1,3,0,MPN,1815 MHz,8 GB,15500 MHz,250 W
EVGA GeForce RTX 2080 Super FTW3 Hybrid,$830.55 USD,EVGA,08G-P4-3288-KR,4250812433992,290.83 mm,2.0,2,0,1,3,0,MPN,1845 MHz,8 GB,15500 MHz,250 W
EVGA GeForce RTX 2080 Super FTW3 Ultra Gaming,$785.57 USD,EVGA,08G-P4-3287-KR,4250812434043,301.925 mm,2.75,2,0,1,3,0,MPN,1845 MHz,8 GB,15000 MHz,250 W
EVGA GeForce RTX 2080 Super KO Gaming,$732.46 USD,EVGA,08G-P4-2083-KR,843368065676,269.83 mm,2.0,1,1,1,3,0,MPN,1815 MHz,8 GB,15500 MHz,250 W
EVGA GeForce RTX 2080 Super XC Gaming,$754.38 USD,EVGA,08G-P4-3182-KR,4250812434098,269.83 mm,2.0,1,1,0,3,0,MPN,1830 MHz,8 GB,15500 MHz,250 W
EVGA GeForce RTX 2080 Super XC Hybrid Gaming,$825.47 USD,EVGA,08G-P4-3188-KR,4250812434005,265.63 mm,2.0,1,1,1,3,0,MPN,1830 MHz,8 GB,15500 MHz,250 W
EVGA GeForce RTX 2080 Super XC Ultra Gaming,$810.56 USD,EVGA,08G-P4-3183-KR,4250812434081,269.83 mm,2.75,1,1,1,3,0,MPN,1845 MHz,8 GB,15000 MHz,250 W
EVGA GeForce RTX 2080 Ti Black Edition Gaming,$1182.35 USD,EVGA,11G-P4-2281-KR,4250812430861,269.2 mm,2.0,2,0,1,3,0,MPN,1545 MHz,11 GB,14000 MHz,250 W
EVGA GeForce RTX 2080 Ti FTW3 Ultra Gaming iCX,$1419.55 USD,EVGA,11G-P4-2487-KR,4250812429711,301.93 mm,3.0,2,0,1,3,0,MPN,1755 MHz,11 GB,14000 MHz,250 W
EVGA GeForce RTX 2080 Ti K|NGP|N Gaming,$1818.51 USD,EVGA,11G-P4-2589-KR,4250812429773,266.7 mm,2.0,3,0,1,3,0,MPN,1770 MHz,11 GB,14000 MHz,250 W
EVGA GeForce RTX 2080 Ti XC,$1236.76 USD,EVGA,11G-P4-2382-KR,4250812429551,269.2 mm,2.5,2,0,1,3,0,MPN,1635 MHz,11 GB,14000 MHz,285 W
EVGA GeForce RTX 2080 Ti XC Ultra,$1310.75 USD,EVGA,11G-P4-2383-KR,4250812429544,269.2 mm,2.5,2,0,1,3,0,MPN,1650 MHz,11 GB,14000 MHz,285 W
EVGA GeForce RTX 2080 XC,$781.86 USD,EVGA,08G-P4-2182-KR,4250812429568,269.2 mm,5.0,1,1,1,3,0,MPN,MHz,8 GB,14000 MHz,225 W
EVGA GeForce RTX 2080 XC Ultra,$826.11 USD,EVGA,08G-P4-2183-KR,4250812429575,269.2 mm,5.0,1,0,1,3,0,MPN,MHz,8 GB,14000 MHz,225 W
EVGA GT 740 Superclocked,$136.65 USD,EVGA,01G-P4-2753-KR,809394263431,152 mm,2.0,0,0,1,0,1,MPN,1253 MHz,2 GB,5012 MHz,64 W
Gigabyte Aorus GeForce GTX 1660 Ti 6G,$332.16 USD,Gigabyte,GV-N166TAORUS-6GD,4719331304539,280 mm,,1,0,1,1,0,0,1890 MHz,6 GB,12000 MHz,120 W
Gigabyte Aorus GeForce RTX 2060 Super,$435.22 USD,Gigabyte,GV-N206SAORUS-8GC,4719331304935,290 mm,3.0,1,1,1,1,0,0,1845 MHz,8 GB,14000 MHz,175 W
Gigabyte Aorus GeForce RTX 2060 Xtreme 6G,$407.63 USD,Gigabyte,GV-N2060AORUS X-6GC,4719331304348,290 mm,2.0,1,1,1,3,0,0,1845 MHz,6 GB,14000 MHz,190 W
Gigabyte Aorus GeForce RTX 2070 Super,$599.0 USD,Gigabyte,GV-N207SAORUS-8GC,4719331305192,290 mm,3.0,2,0,1,1,0,0,1905 MHz,8 GB,14000 MHz,260 W
Gigabyte Aorus GeForce RTX 2080 Super,$817.8 USD,Gigabyte,GV-N208SAORUS-8GC,4719331304980,290 mm,,2,0,0,0,0,0,1860 MHz,8 GB,15500 MHz,250 W
Gigabyte Aorus GeForce RTX 2080 Super Waterforce,$879.82 USD,Gigabyte,GV-N208SAORUS W-8GC,4719331305352,290 mm,2.0,2,0,3,3,0,0,1860 MHz,8 GB,15500 MHz,250 W
Gigabyte Aorus GeForce RTX 2080 Super Waterforce WB,$800.08 USD,Gigabyte,GV-N208SAORUS WB-8GC,4719331305369,291.29 mm,2.0,2,0,3,3,0,0,1860 MHz,8 GB,15500 MHz,250 W
Gigabyte Aorus GeForce RTX 2080 Ti Xtreme 1,$1416.77 USD,Gigabyte,GV-N208TAORUS X-11GC,4719331303693,290 mm,2.5,2,0,3,3,0,0,1770 MHz,11 GB,14000 MHz,250 W
Gigabyte Aorus GeForce RTX 2080 Ti Xtreme Waterforce WB 1,$1310.75 USD,Gigabyte,GV-N208TAORUS X WB-11GC,4719331303761,280 mm,2.0,2,0,3,3,0,0,1770 MHz,11 GB,14000 MHz,250 W
Gigabyte GeForce GT 1030,$129.33 USD,Gigabyte,GV-N1030D5-2GL,4719331301590,149.9 mm,1.0,0,0,0,0,0,0,1468 MHz,2 GB,4 MHz,30 W
Gigabyte GeForce GT 1030 OC 2G,$98.09 USD,Gigabyte,GV-N1030OC-2GI,4719331301699,167.7 mm,2.0,0,0,0,0,0,0,1518 MHz,2 GB,4 MHz,30 W
Gigabyte GeForce GT 1030 Silent,$81.23 USD,Gigabyte,GV-N1030SL-2GL,4719331301620,174.9 mm,2.0,0,0,0,0,0,0,1468 MHz,2 GB,4 MHz,30 W
Gigabyte GeForce GTX 1050,$130.56 USD,Gigabyte,GV-N1050D5-2GD,4719331339302,172 mm,2.0,0,0,0,0,0,0,1455 MHz,2 GB,4 MHz,75 W
Gigabyte GeForce GTX 1050 OC,$274.27 USD,Gigabyte,GV-N1050OC-2GL,4719331301163,167 mm,2.0,0,0,0,0,0,0,1468 MHz,2 GB,4 MHz,75 W
Gigabyte GeForce GTX 1050 Ti,$178.83 USD,Gigabyte,GV-N105TD5-4GD,4719331339326,172 mm,2.0,0,0,0,0,0,0,1392 MHz,4 GB,4 MHz,75 W
Gigabyte GeForce GTX 1050 Ti G1 Gaming,$264.68 USD,Gigabyte,GV-N105TG1 GAMING-4GD,4719331339241,219 mm,2.0,0,0,0,0,0,0,1480 MHz,4 GB,4 MHz,75 W
Gigabyte GeForce GTX 1050 Ti OC,$173.43 USD,Gigabyte,GV-N105TOC-4GL,4719331301156,167 mm,2.0,0,0,0,0,0,0,1417 MHz,4 GB,4 MHz,75 W
Gigabyte GeForce GTX 1050 Ti WindForce 2X OC,$251.15 USD,Gigabyte,GV-N105TWF2OC-4GD,4719331339272,229 mm,2.0,0,0,0,0,0,0,1442 MHz,4 GB,4 MHz,75 W
Gigabyte GeForce GTX 1050 WindForce 2X,$165.68 USD,Gigabyte,GV-N1050WF2OC-2GD,4719331339319,229 mm,2.0,0,0,0,0,0,0,1506 MHz,2 GB,4 MHz,75 W
Gigabyte GeForce GTX 1060 Aorus Xtreme 6G,$360.5 USD,Gigabyte,GV-N1060AORUS X-6GD (Rev. 2),4719331301866,281 mm,3.0,1,0,0,0,0,0,MHz,6 GB,82 MHz,120 W
Gigabyte GeForce GTX 1060 Mini ITX OC 6G,$304.66 USD,Gigabyte,GV-N1060IXOC-6GD,4719331330293,169 mm,2.0,0,1,0,0,0,0,1746 MHz,6 GB,4 MHz,120 W
Gigabyte GeForce GTX 1060 OC WindForce 2X,$237.1 USD,Gigabyte,GV-N1060WF2OC-3GD,4719331331290,223 mm,2.0,0,1,0,0,0,0,1771 MHz,3 GB,4 MHz,120 W
Gigabyte GeForce GTX 1060 OC WindForce 2X,$320.17 USD,Gigabyte,GV-N1060WF2OC-6GD,4719331330309,223 mm,2.0,0,1,0,0,0,0,1771 MHz,6 GB,4 MHz,120 W
Gigabyte GeForce GTX 1070 Aorus Gaming Box,$589.76 USD,Gigabyte,GV-N1070IXEB-8GD,4719331301644,96 mm,,0,0,0,0,0,0,1721 MHz,8 GB,4 MHz,150 W
Gigabyte GeForce GTX 1070 Mini ITX OC,$426.97 USD,Gigabyte,GV-N1070IXOC-8GD,4719331324216,169 mm,2.0,1,0,0,0,0,0,1721 MHz,8 GB,4 MHz,150 W
Gigabyte GeForce GTX 1070 Ti Aorus 8G,$489.73 USD,Gigabyte,GV-N107TAORUS-8GD,4719331302900,280 mm,2.0,1,0,0,0,0,0,1683 MHz,8 GB,2 MHz,180 W
Gigabyte GeForce GTX 1070 Ti Gaming 8G,$477.01 USD,Gigabyte,GV-N107TGAMING-8GD,4719331302788,280 mm,2.0,1,0,0,0,0,0,1683 MHz,8 GB,2 MHz,180 W
Gigabyte GeForce GTX 1080 Mini ITX 8G,$426.97 USD,Gigabyte,GV-N1080IX-8GD,4719331302573,163 mm,2.0,1,0,0,0,0,0,1607 MHz,8 GB,10 MHz,180 W
Gigabyte GeForce GTX 1080 Ti Aorus 11G,$863.47 USD,Gigabyte,GV-N108TAORUS-11GD,4719331301385,293 mm,2.5,2,0,0,0,0,0,1683 MHz,11 GB,5 MHz,250 W
Gigabyte GeForce GTX 1080 Ti Aorus Xtreme 11G,$863.47 USD,Gigabyte,GV-N108TAORUS X-11GD,4719331301392,293 mm,2.5,2,0,0,0,0,0,1721 MHz,11 GB,16 MHz,250 W
Gigabyte GeForce GTX 1080 Ti Gaming OC,$874.56 USD,Gigabyte,GV-N108TGAMING OC-11GD,4719331301408,280 mm,2.0,1,1,0,0,0,0,1632 MHz,11 GB,5 MHz,250 W
Gigabyte GeForce GTX 1080 Ti Gaming OC Black,$663.71 USD,Gigabyte,GV-N108TGAMINGOC BLACK-11GD,4719331302313,280 mm,2.0,1,1,0,0,0,0,1632 MHz,11 GB,5 MHz,250 W
Gigabyte GeForce GTX 1080 Ti Turbo,$725.37 USD,Gigabyte,GV-N108TTURBO-11GD,4719331301729,270 mm,2.0,1,1,0,0,0,0,1582 MHz,11 GB,5 MHz,250 W
Gigabyte GeForce GTX 1080 Ti Waterforce W Xtreme 11G,$797.91 USD,Gigabyte,GV-N108TAORUSX W-11GD,4719331301804,266.7 mm,2.5,2,0,0,0,0,0,1721 MHz,11 GB,16 MHz,250 W
Gigabyte GeForce GTX 1080 Xtreme Gaming Water Cooling,$557.6 USD,Gigabyte,GV-N1080XTREME W-8GD,4719331325152,264 mm,2.0,2,0,1,3,1,0,1898 MHz,8 GB,MHz,180 W
Gigabyte GeForce GTX 1650 D6 OC,$168.28 USD,Gigabyte,GV-N1656OC-4GD 2.0,4719331306922,172 mm,2.0,0,1,1,1,1,0,1635 MHz,4 GB,12000 MHz,75 W
"Gigabyte GeForce GTX 1650 OC 4G, 4096 MB GDDR5",$163.2 USD,Gigabyte,GV-N1650OC-4GD,4719331304645,191 mm,2.0,0,0,1,1,0,0,1710 MHz,4 GB,8000 MHz,75 W
"Gigabyte GeForce GTX 1650 WindForce OC 4G, 4096 MB GDDR5",$174.08 USD,Gigabyte,GV-N1650WF2OC-4GD,4719331304621,229 mm,2.0,0,0,1,1,0,0,1785 MHz,4 GB,8000 MHz,90 W
Gigabyte GeForce GTX 1660 Gaming OC,$280.89 USD,Gigabyte,GV-N1660GAMING OC-6GD,4719331304492,280 mm,2.0,1,0,1,3,0,0,1860 MHz,6 GB,8000 MHz,120 W
Gigabyte GeForce GTX 1660 OC,$224.86 USD,Gigabyte,GV-N1660OC-6GD,4719331304485,224 mm,2.0,1,0,1,3,0,0,1830 MHz,6 GB,8000 MHz,120 W
Gigabyte GeForce GTX 1660 Super Gaming OC,$271.75 USD,Gigabyte,GV-N166SGAMING OC-6GD,4719331305932,280 mm,2.0,1,0,1,3,0,0,MHz,6 GB,14000 MHz,125 W
Gigabyte GeForce GTX 1660 Super OC,$267.47 USD,Gigabyte,GV-N166SOC-6GD,4719331305888,224 mm,2.0,1,0,1,3,0,0,MHz,6 GB,14000 MHz,125 W
Gigabyte GeForce GTX 1660 Ti Gaming OC 6G,$295.86 USD,Gigabyte,GV-N166TGAMING OC-6GD,4719331304553,280 mm,2.0,1,0,1,1,0,0,1860 MHz,6 GB,12000 MHz,120 W
Gigabyte GeForce GTX 1660 Ti Mini ITX OC 6G,$302.12 USD,Gigabyte,GV-N166TIXOC-6GD,4719331304461,170 mm,2.0,1,0,1,1,0,0,1785 MHz,6 GB,12000 MHz,120 W
Gigabyte GeForce GTX 1660 Ti OC 6G,$288.69 USD,Gigabyte,GV-N166TOC-6GD,4719331304454,225.65 mm,2.0,1,0,1,1,0,0,1800 MHz,6 GB,12000 MHz,120 W
Gigabyte GeForce GTX 1660 Ti WindForce OC 6G,$298.84 USD,Gigabyte,GV-N166TWF2OC-6GD,4719331304447,264.9 mm,2.0,1,0,1,1,0,0,1845 MHz,6 GB,12000 MHz,120 W
Gigabyte GeForce RTX 2060 D6,$329.34 USD,Gigabyte,GV-N2060D6-6GD 2.0,4719331309190,225.6 mm,2.0,1,0,1,3,0,0,1680 MHz,6 GB,14000 MHz,160 W
Gigabyte GeForce RTX 2060 Gaming OC 6G,$389.72 USD,Gigabyte,GV-N2060GAMING OC-6GD,4719331304249,280 mm,2.5,1,0,1,3,0,0,1830 MHz,6 GB,14000 MHz,160 W
Gigabyte GeForce RTX 2060 Gaming OC Pro 6G,$389.57 USD,Gigabyte,GV-N2060GAMINGOC PRO-6GD,4719331304386,280.35 mm,2.0,1,0,1,3,0,0,1830 MHz,6 GB,14000 MHz,160 W
Gigabyte GeForce RTX 2060 Mini ITX OC 6G,$374.29 USD,Gigabyte,GV-N2060IXOC-6GD,4719331304270,170 mm,2.0,1,0,1,3,0,0,1695 MHz,6 GB,14000 MHz,160 W
Gigabyte GeForce RTX 2060 Super Gaming OC,$419.59 USD,Gigabyte,GV-N206SGAMING OC-8GC,4719331304959,280.35 mm,2.0,1,1,1,1,0,0,1815 MHz,8 GB,14000 MHz,175 W
Gigabyte GeForce RTX 2060 Super Gaming OC 3X 8G White,$452.22 USD,Gigabyte,GV-N206SGAMINGOC WHITE-8GD,4719331305376,280.35 mm,2.0,1,0,1,3,0,0,1815 MHz,8 GB,14000 MHz,175 W
Gigabyte GeForce RTX 2060 WindForce OC 6G,$373.19 USD,Gigabyte,GV-N2060WF2OC-6GD,4719331304256,264.9 mm,2.0,1,0,1,3,0,0,1770 MHz,6 GB,14000 MHz,160 W
Gigabyte GeForce RTX 2070 Super Gaming OC 3X,$589.94 USD,Gigabyte,GV-N207SGAMING OC-8GD,4719331305543,286.5 mm,2.5,1,1,1,3,0,0,1815 MHz,8 GB,14000 MHz,260 W
Gigabyte GeForce RTX 2070 Super Windforce OC 3X,$514.2 USD,Gigabyte,GV-N207SWF3OC-8GD,4719331305505,286 mm,2.5,1,1,1,3,0,0,1785 MHz,8 GB,14000 MHz,260 W
Gigabyte GeForce RTX 2080 Gaming OC,$808.39 USD,Gigabyte,GV-N2080GAMING OC-8GC,4719331303594,286.5 mm,5.0,1,1,1,3,0,0,MHz,8 GB,14000 MHz,225 W
Gigabyte GeForce RTX 2080 Super Gaming OC White,$736.65 USD,Gigabyte,GV-N208SGAMINGOC WHITE-8GD,4719331305963,286.5 mm,2.5,1,1,1,3,0,0,1845 MHz,8 GB,15500 MHz,250 W
Gigabyte GeForce RTX 2080 Super Turbo,$752.93 USD,Gigabyte,GV-N208STURBO-8GC,4719331305314,272 mm,2.0,1,1,1,3,0,0,1815 MHz,8 GB,15500 MHz,250 W
Gigabyte GeForce RTX 2080 Ti Gaming OC,$1239.57 USD,Gigabyte,GV-N208TGAMING OC-11GC,4719331303563,286.5 mm,2.5,2,0,1,3,0,0,1650 MHz,11 GB,14000 MHz,250 W
Gigabyte GeForce RTX 2080 WindForce OC 8G,$788.8 USD,Gigabyte,GV-N2080WF3OC-8GC,4719331303587,280.35 mm,2.0,1,1,1,3,0,0,MHz,8 GB,14000 MHz,225 W
Gigabyte GT 730,$77.97 USD,Gigabyte,GV-N730D5-2GL,889523010556,150 mm,1.0,0,0,1,0,1,0,902 MHz,2 GB,5000 MHz,38 W
Gigabyte Radeon RX 580 Aorus 4G,$344.65 USD,Gigabyte,GV-RX580AORUS-4GD,4719331301361,232 mm,2.0,1,0,1,3,1,0,1365 MHz,4 GB,7000 MHz,185 W
Gigabyte Radeon RX 580 Aorus 8G,$364.68 USD,Gigabyte,GV-RX580AORUS-8GD,4719331301354,232 mm,2.0,1,0,1,3,1,0,1365 MHz,8 GB,8000 MHz,185 W
Gigabyte Radeon RX 580 Gaming 4G,$330.26 USD,Gigabyte,GV-RX580GAMING-4GD,4719331301446,232 mm,2.0,1,0,1,3,1,0,1340 MHz,4 GB,7000 MHz,185 W
Gigabyte Radeon RX 580 Gaming 8G,$244.47 USD,Gigabyte,GV-RX580GAMING-8GD,4719331301439,232 mm,2.0,1,0,1,3,1,0,1340 MHz,8 GB,8000 MHz,185 W
Gigabyte Radeon RX Vega 56 Gaming OC,$306.1 USD,Gigabyte,GV-RXVEGA56GAMING OC-8GD,4719331302924,273.8 mm,2.5,2,0,3,3,0,0,1501 MHz,8 GB,800 MHz,250 W
Gigabyte Radeon RX Vega 64 Gaming OC,$701.82 USD,Gigabyte,GV-RXVEGA64GAMING OC-8GD,4719331302771,273.8 mm,2.5,2,0,3,3,0,0,1560 MHz,8 GB,945 MHz,300 W
Gigabyte Radeon VII,$741.99 USD,Gigabyte,GV-RVEGA20-16GD-B,4719331304508,280 mm,2.0,2,0,1,3,0,0,1750 MHz,16 GB,2000 MHz,300 W
MSI GeForce GTX 1050 Ti Gaming X 4G,$151.59 USD,MSI,V335-001R,4719072487553,229 mm,2.0,0,1,0,0,0,0,1468 MHz,4 GB,MHz,75 W
MSI GeForce GTX 1080 Ti Gaming X 11G,$779.02 USD,MSI,V360-001R,4719072517151,290 mm,2.5,2,0,0,0,0,0,1657 MHz,11 GB,MHz,250 W
"MSI GeForce GTX 1650 Gaming X 4G, 4096 MB GDDR5",$180.07 USD,MSI,V380-003R,4719072629298,259 mm,2.0,0,0,1,1,0,0,1860 MHz,4 GB,8000 MHz,75 W
MSI GeForce GTX 1650 Ventus XS OCV1,$115.32 USD,MSI,V809-3609R,4719072744526,179 mm,2.0,0,0,2,1,0,0,1620 MHz,4 GB,8000 MHz,75 W
MSI GeForce GTX 1660 Gaming X,$250.45 USD,MSI,V379-001R,4719072626686,247 mm,2.0,1,0,1,3,0,0,1860 MHz,6 GB,8000 MHz,130 W
MSI GeForce GTX 1660 Super Ventus XS OC,$256.77 USD,MSI,V375-279R,4719072681852,204 mm,2.0,1,0,1,3,0,0,1815 MHz,6 GB,14000 MHz,125 W
MSI GeForce GTX 1660 Ti Gaming X 6G,$303.95 USD,MSI,V375-040R,4719072621964,247 mm,,1,0,1,1,0,0,1875 MHz,6 GB,12000 MHz,130 W
MSI GeForce GTX 1660 Ti Ventus XS 6G,$283.96 USD,MSI,V375-032R,4719072622961,204 mm,2.0,1,0,1,3,0,0,1830 MHz,6 GB,12000 MHz,120 W
MSI GeForce RTX 2060 Ventus GP 6G OC,$304.65 USD,MSI,V375-231R,4719072658731,226 mm,2.0,1,0,1,3,0,0,1710 MHz,6 GB,14000 MHz,160 W
MSI Geforce RTX 2080 Super Gaming X Trio,$1370.19 USD,MSI,V372-248R,4719072660031,328 mm,2.75,2,0,1,3,0,0,1845 MHz,8 GB,15500 MHz,250 W
MSI GeForce RTX 3060 Aero ITX 12G OC,$394.96 USD,MSI,V809-3689R,4719072804619,172 mm,2.0,1,0,1,3,0,0,MHz,12 GB,15000 MHz,170 W
MSI GeForce RTX 3080 Gaming Z Trio 12GB LHR,$993.76 USD,MSI,V389-402R,4719072922658,323 mm,2.5,3,0,1,3,0,0,MHz,12 GB,19000 MHz,390 W
MSI GeForce RTX 3080 Ventus 3X Plus 12G OC LHR,$942.98 USD,MSI,V389-400R,4719072926229,305 mm,2.5,2,0,1,3,0,0,MHz,12 GB,19000 MHz,390 W
MSI GT 710 Low Profile,$65.26 USD,MSI,GT 710 2GD3 LP,824142126905,146 mm,1.0,0,0,1,0,1,1,954 MHz,2 GB,1600 MHz,10 W
MSI Radeon RX 580 Armor 8G OC,$210.34 USD,MSI,V341-064R,4719072516147,269 mm,2.0,1,0,2,2,1,0,1366 MHz,8 GB,8000 MHz,150 W
PNY GeForce RTX 2060 SUPER XRL8 OC Twin Fan,$438.88 USD,PNY,VCG20608SDFPPB-O,751492630465,235 mm,2.0,1,0,1,3,0,0,1680 MHz,8 GB,14000 MHz,175 W
PNY GeForce RTX 2070 XLR8 Gaming OC,$665.21 USD,PNY,VCG20708DFPPB-O,751492622125,188 mm,2.0,1,0,1,2,1,0,1710 MHz,8 GB,14000 MHz,185 W
PNY GeForce RTX 2080 Ti Blower,$1167.99 USD,PNY,VCG2080T11BLMPB,751492621722,293 mm,2.0,2,0,1,3,0,0,1545 MHz,11 GB,14000 MHz,260 W
PNY GeForce RTX 2080 Ti XLR8 Gaming OC,$1244.35 USD,PNY,VCG2080T11TFMPB-O,751492621715,314 mm,2.0,2,0,1,3,0,0,1545 MHz,11 GB,14000 MHz,260 W
PNY GeForce RTX 2080 XLR8 Gaming OC Twin Fan,$792.78 USD,PNY,VCG20808DFPPB-O,751492621746,293 mm,2.0,1,1,1,3,0,0,1710 MHz,8 GB,14000 MHz,225 W
PowerColor Radeon VII,$678.18 USD,PowerColor,AXVII 16GBHBM2-3DH,4713436171461,280 mm,2.0,2,0,1,3,0,0,1750 MHz,16 GB,2000 MHz,300 W
Sapphire Nitro+ Radeon RX 580 4G,$267.84 USD,Sapphire,11265-07-20G,4895106281929,260 mm,2.0,1,1,2,2,1,0,1411 MHz,4 GB,7000 MHz,185 W
Sapphire Nitro+ Radeon RX 580 8G,$233.57 USD,Sapphire,11265-01-20G,4895106281868,260 mm,2.0,1,1,2,2,1,0,1411 MHz,8 GB,8000 MHz,185 W
Sapphire Nitro+ Radeon RX 580 8G Special Edition,$276.96 USD,Sapphire,11265-21-20G,4895106283077,260 mm,2.0,1,1,2,2,1,0,1430 MHz,8 GB,8400 MHz,185 W
Sapphire Nitro+ Radeon RX 590 8G Special Edition,$195.84 USD,Sapphire,11289-01-20G,4895106286276,260 mm,2.0,1,1,2,2,1,0,1560 MHz,8 GB,8400 MHz,175 W
Sapphire Nitro+ Radeon RX Vega 56,$609.74 USD,Sapphire,11276-01-40G,4895106284401,316 mm,3.0,2,0,2,2,0,0,1550 MHz,8 GB,800 MHz,250 W
Sapphire Nitro+ Radeon RX Vega 64,$724.29 USD,Sapphire,11275-03-40G,4895106285057,310 mm,3.0,2,0,1,1,0,0,1580 MHz,8 GB,945 MHz,300 W
Sapphire Pulse Radeon RX 580 4G,$211.21 USD,Sapphire,11265-09-20G,4895106281943,230 mm,2.0,1,0,2,2,1,0,MHz,4 GB,7000 MHz,185 W
Sapphire Pulse Radeon RX 580 8G,$373.56 USD,Sapphire,11265-05-20G,4895106281905,230 mm,2.0,1,0,2,2,1,0,1366 MHz,8 GB,8000 MHz,185 W
Sapphire Radeon VII,$678.22 USD,Sapphire,21291-01-40G,4895106286931,280 mm,2.0,2,0,1,1,0,0,1750 MHz,16 GB,2000 MHz,300 W
XFX Radeon RX 550 Single Fan,$94.99 USD,XFX,RX-550P4SFG5,778656075122,170 mm,2.0,0,0,1,1,1,0,MHz,4 GB,3500 MHz,65 W
XFX Radeon RX 570 RS Core Edition,$122.69 USD,XFX,RX-570P4DFD6,778656074842,243 mm,2.0,1,0,1,3,1,0,MHz,4 GB,3500 MHz,120 W
XFX Radeon RX 580 GTS Black Edition,$246.62 USD,XFX,RX-580P8DBD6,778656074606,270 mm,2.0,1,0,1,3,1,0,1425 MHz,8 GB,8000 MHz,185 W
XFX Radeon RX 580 GTS Core Edition,$166.22 USD,XFX,RX-580P4DFD6,778656074798,270 mm,2.0,1,0,1,3,1,0,1386 MHz,4 GB,3500 MHz,185 W
XFX Radeon RX 580 GTS Core Edition,$198.81 USD,XFX,RX-580P8DFD6,778656074644,270 mm,2.0,1,0,1,3,1,0,1386 MHz,8 GB,4000 MHz,185 W
"ZOTAC GAMING GeForce GTX 1650 OC, 4096 MB GDDR5",$176.76 USD,ZOTAC,ZT-T16500F-10L,4895173618604,151 mm,2.0,0,0,1,1,1,0,1695 MHz,4 GB,8000 MHz,75 W
ZOTAC GAMING GeForce GTX 1660 AMP! Edition,$257.89 USD,ZOTAC,ZT-T16600D-10M,4895173618109,209.6 mm,2.0,1,0,1,3,0,0,1845 MHz,6 GB,8000 MHz,130 W
ZOTAC GAMING GeForce GTX 1660 Ti,$265.48 USD,ZOTAC,ZT-T16610F-10L,4895173618000,145 mm,2.0,1,0,1,1,0,0,1770 MHz,6 GB,12000 MHz,120 W
ZOTAC GAMING GeForce GTX 1660 Ti AMP!,$322.67 USD,ZOTAC,ZT-T16610D-10M,4895173618086,209.6 mm,2.0,1,0,1,1,0,0,1860 MHz,6 GB,12000 MHz,130 W
ZOTAC GAMING GeForce GTX 1660 Twin Fan,$262.22 USD,ZOTAC,ZT-T16600F-10L,4895173618116,173.4 mm,2.0,1,0,1,3,0,0,1785 MHz,6 GB,8000 MHz,120 W
ZOTAC GAMING GeForce RTX 2060 AMP! Edition,$351.8 USD,ZOTAC,ZT-T20600D-10M,4895173617805,209.6 mm,2.0,1,0,1,3,0,0,1800 MHz,6 GB,14000 MHz,170 W
ZOTAC GAMING GeForce RTX 2060 Super AMP! Edition,$509.94 USD,ZOTAC,ZT-T20610D-10P,4895173619014,268 mm,2.0,1,1,1,1,0,0,1680 MHz,8 GB,14000 MHz,175 W
ZOTAC GAMING GeForce RTX 2060 Super AMP! Extreme Edition,$430.87 USD,ZOTAC,ZT-T20610B-10P,4895173619007,268 mm,2.0,1,1,1,1,0,0,1680 MHz,8 GB,14000 MHz,175 W
ZOTAC GAMING GeForce RTX 2060 Super Mini Edition,$391.7 USD,ZOTAC,ZT-T20610E-10M,4895173619021,209.6 mm,2.0,1,0,1,1,0,0,1650 MHz,8 GB,14000 MHz,175 W
ZOTAC GAMING GeForce RTX 2060 Twin Fan,$332.94 USD,ZOTAC,ZT-T20600F-10M,4895173617812,209.6 mm,2.0,1,0,1,3,0,0,1680 MHz,6 GB,14000 MHz,160 W
ZOTAC GAMING GeForce RTX 2070 AMP! Edition,$553.71 USD,ZOTAC,ZT-T20700D-10P,4895173617317,268 mm,2.0,1,1,1,3,0,0,MHz,8 GB,14000 MHz,225 W
ZOTAC GAMING GeForce RTX 2070 Super AMP! Edition,$514.68 USD,ZOTAC,ZT-T20710D-10P,4895173618994,268 mm,2.0,1,1,1,1,0,0,1800 MHz,8 GB,14000 MHz,215 W
ZOTAC GAMING GeForce RTX 2070 Super Edition,$597.67 USD,ZOTAC,ZT-T20710F-10P,4895173618925,268 mm,2.0,1,1,1,1,0,0,1800 MHz,8 GB,14000 MHz,215 W
ZOTAC GAMING GeForce RTX 2070 Super Mini Edition,$511.17 USD,ZOTAC,ZT-T20710E-10M,4895173619861,209.6 mm,2.0,1,1,1,3,0,0,1770 MHz,8 GB,14000 MHz,215 W
ZOTAC GAMING GeForce RTX 2080 AMP! Edition,$914.69 USD,ZOTAC,ZT-T20800D-10P,4895173617041,308 mm,5.0,1,1,1,3,0,0,MHz,8 GB,14000 MHz,225 W
ZOTAC GAMING GeForce RTX 2080 Blower,$970.15 USD,ZOTAC,ZT-T20800A-10P,4895173617027,268 mm,2.0,1,1,1,3,0,0,MHz,8 GB,14000 MHz,225 W
ZOTAC GAMING GeForce RTX 2080 Super AMP,$778.92 USD,ZOTAC,ZT-T20820D-10P,4895173618895,298 mm,2.0,2,0,1,3,0,0,1825 MHz,8 GB,15500 MHz,250 W
ZOTAC GAMING GeForce RTX 2080 Super Twin Fan,$734.17 USD,ZOTAC,ZT-T20820F-10P,4895173618901,268 mm,2.0,1,1,1,3,0,0,1815 MHz,8 GB,15500 MHz,250 W
ZOTAC GAMING GeForce RTX 2080 Ti AMP! Edition,$1198.53 USD,ZOTAC,ZT-T20810D-10P,4895173617058,308 mm,2.5,2,0,1,3,0,0,1665 MHz,11 GB,14000 MHz,285 W
ZOTAC GeForce GTX 1050 Mini,$111.13 USD,ZOTAC,ZT-P10500A-10L,4895173611094,145 mm,2.0,0,0,0,0,0,0,1455 MHz,2 GB,4 MHz,75 W
ZOTAC GeForce GTX 1050 Ti Mini,$164.11 USD,ZOTAC,ZT-P10510A-10L,4895173610998,145 mm,2.0,0,0,0,0,0,0,1417 MHz,4 GB,4 MHz,75 W
ZOTAC GeForce GTX 1050 Ti OC,$207.49 USD,ZOTAC,ZT-P10510B-10L,4895173611087,174 mm,2.0,0,0,0,0,0,0,1506 MHz,4 GB,4 MHz,75 W
ZOTAC GeForce GTX 1070 AMP! Extreme Edition,$488.96 USD,ZOTAC,ZT-P10700B-10P,4895173610028,325 mm,2.5,2,0,0,0,0,0,1835 MHz,8 GB,4 MHz,150 W
ZOTAC GeForce GTX 1080 AMP! Extreme+ 11 Gbps,$641.28 USD,ZOTAC,ZT-P10800I-10P,4895173613135,325 mm,2.5,2,0,1,3,1,0,1911 MHz,8 GB,5600 MHz,180 W
ZOTAC GeForce GTX 1080 Ti AMP! Edition,$670.97 USD,ZOTAC,ZT-P10810D-10P,4895173613098,300 mm,2.5,2,0,0,0,0,0,1683 MHz,11 GB,5 MHz,250 W
