Nombre,Precio,Proveedor,MPN,EAN,Enchufes compatibles,Alto,Soporte adicional para fan
be quiet! Dark Rock 4 - 135mm,$64.54 USD,be quiet!,BK021,4260052186251,"1150, 1151, 1155, 1156, 1366, 2011, 2011-V3, 2066, 754, 775, 939, 940, AM2, AM3, AM3+, AM4, FM1, FM2, FM2+, AM5, 1700",159 mm,True
Arctic Freezer 34 - 120mm,$30.72 USD,Arctic,ACFRE00052A,4895213701440,"1150, 1151, 1155, 1156, 2011, 2011-V3, 2066, AM4",157 mm,True
"Arctic Freezer 34 eSports Duo , 2x 120mm - red",$51.28 USD,Arctic,ACFRE00060A,4895213701860,"1150, 1151, 1155, 1156, 1366, 2011, 2011-V3, 2066, 775, AM2, AM3, AM3+, AM4, FM1, FM2, FM2+, 1700",157 mm,False
"Arctic Freezer 34 eSports Duo , 2x 120mm - white",$44.94 USD,Arctic,ACFRE00061A,4895213701877,"1150, 1151, 1155, 1156, 1366, 2011, 2011-V3, 2066, 775, AM2, AM3, AM3+, AM4, FM1, FM2, FM2+, 1700",157 mm,False
Arctic Freezer I11 - 92mm,$28.29 USD,Arctic,UCACO-FI11001-CSA01,872767006812,"1150, 1151, 1155, 1156, 2011, 2011-V3",130 mm,False
Arctic Liquid Freezer II Processor,$90.6 USD,Arctic,ACFRE00046A,4895213701907,"1150, 1151, 1155, 1156, 2011, 2011-V3, 2066, AM4",0 mm,False
be quiet! Dark Rock Pro 4 - 135mm,$104.44 USD,be quiet!,BK022,4260052186268,"1150, 1151, 1155, 1156, 1366, 2011, 2011-V3, 2066, AM2, AM3, AM3+, AM4, FM1, FM2, FM2+, AM5, 1700",163 mm,True
be quiet! Pure Rock - 120mm,$52.68 USD,be quiet!,BK009,4260052183915,"1150, 1151, 1155, 1156, 1366, 2011, 2011-V3, 2066, 754, 775, 939, 940, AM2, AM3, AM3+, AM4, FM1, FM2, FM2+",155 mm,False
Cooler Master Hyper 212 Black Edition - 120mm,$62.91 USD,Cooler Master,RR-212S-20PK-R1,4719512076163,"1150, 1151, 1155, 1156, 1366, 2011, 2011-V3, 2066, AM2, AM3, AM3+, AM4, FM1, FM2, FM2+",160.02 mm,True
Corsair Cooling Hydro Series H100i Pro,$116.05 USD,Corsair,CW-9060033-WW,843591026512,"1150, 1151, 1155, 1156, 2011, 2011-V3, 2066, AM2, AM3, AM3+, AM4, TR4, sTRX4",0 mm,False
Corsair Cooling Hydro Series H115i PRO,$137.81 USD,Corsair,CW-9060032-WW,843591026505,"1150, 1151, 1155, 1156, 1366, 2011, 2011-V3, 2066, AM2, AM3, AM4, FM1, FM2, TR4, sTRX4",0 mm,False
"Corsair Cooling Hydro Series H150i PRO , RGB",$166.83 USD,Corsair,CW-9060031-WW,843591026499,"1150, 1151, 1155, 1156, 1366, 2011, 2011-V3, 2066, AM2, AM3, AM4, FM1, FM2, TR4, sTRX4",0 mm,False
Antec A30 - 92mm,$29.07 USD,Antec,0-761345-10922-2,761345109222,"1150, 1151, 1155, 1156, 775, AM2, AM3, AM3+, AM4, FM1, FM2, FM2+",122.5 mm,True
Antec A40 PRO - 92mm,$39.42 USD,Antec,0-761345-10923-9,761345109239,"1150, 1151, 1155, 1156, 775, AM2, AM3, AM3+, AM4, FM1, FM2, FM2+",136 mm,True
Antec A400 RGB Processor KÃ¼hler,$51.75 USD,Antec,0-761345-10921-5,761345109215,"AM2, AM3, AM3+, AM4, FM1, FM2, FM2+",155 mm,True
Antec C40 - 92mm,$56.96 USD,Antec,0-761345-10929-1,761345109291,"1150, 1151, 1155, 1156, 775, AM2, AM3, AM3+, AM4, FM1, FM2, FM2+","136,5 mm",True
Antec C400 - 120mm,$26.26 USD,Antec,0-761345-10920-8,761345109208,"1150, 1151, 1155, 1156, 775, AM2, AM3, AM3+, AM4, FM1, FM2, FM2+",155 mm,True
Arctic Alpine 11 passiv,$17.1 USD,ARCTIC,Arctic Alpine 11 passiv,872767008250,"1150, 1151, 1155, 1156",69 mm,False
Arctic Alpine 12 - 92mm,$11.02 USD,Arctic,ACALP00027A,4895213701419,"1150, 1151, 1155, 1156",77 mm,False
Arctic Alpine 12 CO - 92mm,$15.62 USD,Arctic,ACALP00031A,4895213701433,"1150, 1151, 1155, 1156",79 mm,False
Arctic Alpine 12 LP Low-Profile - 92mm,$9.42 USD,Arctic,ACALP00029A,4895213701426,"1150, 1151, 1155, 1156","42,5 mm",False
Arctic Alpine 12 passiver - black,$12.22 USD,Arctic,ACALP00024A,4895213701303,"1150, 1151, 1155, 1156",69 mm,False
Arctic Alpine 64 GT - 80mm,$10.15 USD,Arctic,UCACO-P1600-GBA01,872767002265,"754, 939, AM2, AM3, AM3+, AM4, FM1, FM2, FM2+",65 mm,False
Arctic Alpine 64 plus - 92mm,$17.08 USD,Arctic,UCACO-AP60301-BUA01,872767004566,"939, AM2, AM3, AM3+, AM4, FM1, FM2, FM2+",70 mm,False
Arctic Alpine AM4 - 92mm,$11.99 USD,Arctic,ACALP00025A,4895213701457,AM4,69 mm,False
"Arctic Alpine AM4 passiver , black",$15.95 USD,Arctic,ACALP00022A,4895213701259,AM4,70 mm,False
Arctic Alpine M1 aktiv,$11.44 USD,ARCTIC,Arctic Alpine M1 aktiv,872767007710,AM1,41 mm,False
ARCTIC COOLING ACALP64-GT 80mm Alpine 64 GT,$10.15 USD,ARCTIC COOLING,ACALP64-GT,872767002265,"FM2,FM1,AM3,AM2, 1150,2011,1366,1156,1155,775",64 mm,False
ARCTIC COOLING ACFZ11-LP 92mm Fluid Dynamic Freezer 11 LP Intel for Power Users,$21.75 USD,ARCTIC COOLING,ACFZ11-LP,872767002500,"1150,1155,1156,775",53 mm,False
ARCTIC COOLING ACFZ13 92mm High Performance for Intel and AMD,$31.86 USD,ARCTIC COOLING,ACFZ13,872767003781,"754 , 939 , AM2 , AM2+ , AM3, 1150 , 775 , 1155 , 1156 , 1366",130 mm,False
Arctic Alpine M1 aktiv,$11.44 USD,ARCTIC,Arctic Alpine M1 aktiv,872767007710,AM1,41 mm,False
ARCTIC COOLING Freezer 7 Pro Rev.2 92mm Fluid Dynamic,$27.44 USD,ARCTIC COOLING,Freezer 7 Pro Rev.2,872767002494,"1150 , 1366 , 1156 , 1155 , 775, AM3 , AM2+ , AM2 , 939 , 754",127 mm,False
ARCTIC COOLING UCACO-FI11001-CSA01 92mm,$28.29 USD,ARCTIC COOLING,UCACO-FI11001-CSA01,872767006812,"2011 , 1150 , 1155 , 1156",130 mm,False
ARCTIC COOLING UCACO-P0900-CSB01 120mm Fluid Dynamic Bearing,$41.4 USD,ARCTIC COOLING,UCACO-P0900-CSB01,872767002432,"1366 , 1156 , 1155 , 775, FM1 , AM3+ , AM3 , AM2+ , AM2 , 939 , 754",140 mm,False
Arctic Freezer 11 LP - 92mm,$21.62 USD,Arctic,UCACO-P2000000-BL,4895213701242,"1150, 1151, 1155, 1156, 775",53 mm,False
Arctic Freezer 12 - 92mm,$26.07 USD,Arctic,ACFRE00027A,872767008922,"1150, 1151, 1155, 1156, 2011, 2011-V3, 2066, AM4",130 mm,False
Arctic Freezer 12 CO - 92mm,$29.37 USD,Arctic,ACFRE00030A,872767008939,"1150, 1151, 1155, 1156, 2011, 2011-V3, 2066, AM4",130 mm,False
Arctic Freezer 13 - 92mm,$31.41 USD,Arctic,UCACO-FZ130-BL,4895213701020,"1150, 1151, 1155, 1156, 1366, 754, 775, 939, AM2, AM3, AM3+, AM4, FM1, FM2, FM2+",130 mm,False
Arctic Freezer 13 Continuous Operation - 92mm,$38.53 USD,Arctic,UCACO-FZ13100-BL,872767004436,"1150, 1151, 1155, 1156, 1366, 754, 775, 939, AM2, AM3, AM3+, AM4, FM1, FM2, FM2+",130 mm,False
"Arctic Freezer 33 TR , red - 120mm",$44.24 USD,Arctic,ACFRE00038A,4895213700221,"2011, 2011-V3, 2066, AM4, TR4",155 mm,False
"Arctic Freezer 33 TR , white - 120mm",$47.06 USD,Arctic,ACFRE00039A,4895213700498,"2011, 2011-V3, 2066, AM4, TR4",155 mm,False
Arctic Freezer 34 CO - 120mm,$26.83 USD,Arctic,ACFRE00051A,4895213701488,"1150, 1151, 1155, 1156, 2011, 2011-V3, 2066, AM4",157 mm,True
"Arctic Freezer 34 eSports , 120mm - red",$43.52 USD,Arctic,ACFRE00056A,4895213701792,"1150, 1151, 1155, 1156, 1366, 2011, 2011-V3, 2066, 775, AM2, AM3, AM3+, AM4, FM1, FM2, FM2+, 1700",157 mm,True
"Arctic Freezer 34 eSports , 120mm - white",$60.48 USD,Arctic,ACFRE00057A,4895213701808,"1150, 1151, 1155, 1156, 1366, 2011, 2011-V3, 2066, 775, AM2, AM3, AM3+, AM4, FM1, FM2, FM2+, 1700",157 mm,True
Arctic Freezer 7 Pro PWM Rev.2 - 92mm,$27.44 USD,Arctic,DCACO-FP701-CSA01,872767002494,"1150, 1151, 1155, 1156, 1366, 775, AM2, AM3, AM3+, AM4, FM1, FM2, FM2+","126,5 mm",False
Arctic Freezer Xtreme Rev.2 - 120mm,$41.4 USD,Arctic,UCACO-P0900-CSB01,872767002432,"1150, 1151, 1155, 1156, 1366, 775, 939, AM2, AM3, AM3+, AM4, FM1, FM2, FM2+",145 mm,False
Arctic Liquid Freezer II Processor,$67.29 USD,Arctic,ACFRE00067A,4895213701969,"1150, 1151, 1155, 1156, 2011, 2011-V3, 2066, AM4",0 mm,False
be quiet! Dark Rock 3,$76.37 USD,be quiet!,BK018,4260052183618,"1150, 1151, 1155, 1156, 1366, 2011, 2011-V3, 2066, 754, 775, 939, 940, AM2, AM3, AM3+, FM1, FM2, FM2+",160 mm,True
be quiet! Dark Rock Pro 3,$90.14 USD,be quiet!,BK019,4260052183625,"1150, 1151, 1155, 1156, 1366, 2011, 2011-V3, 2066, 754, 775, 939, 940, AM2, AM3, AM3+, FM1, FM2, FM2+",163 mm,False
be quiet! Dark Rock Pro TR4 - black,$87.76 USD,be quiet!,BK023,4260052186985,"TR4, sTRX4",163 mm,True
be quiet! Dark Rock Slim - 120mm,$68.17 USD,be quiet!,BK024,4260052187319,"1150, 1151, 1155, 1156, 1366, 2011, 2011-V3, 2066, AM2, AM3, AM3+, AM4, FM1, FM2, FM2+, AM5, 1700","159,4 mm",True
be quiet! Dark Rock TF - 135/135mm,$88.44 USD,be quiet!,BK020,4260052184233,"1150, 1151, 1155, 1156, 1366, 2011, 2011-V3, 2066, 754, 775, 939, 940, AM2, AM3, AM3+, FM1, FM2, FM2+","130,8 mm",True
be quiet! Dark Rock TF 2 - 135/135mm,$111.15 USD,be quiet!,BK031,4260052188705,"1200, 1150, 1151, 1155, 1156, 2011-V3, 2066, AM4, AM3+, AM5, 1700",134 mm,False
be quiet! Pure Loop 2 FX,$137.08 USD,be quiet!,BW014,4260052189030,"2066, 2011-V3, 2011, 1700, 1200, 1150, 1151, 1155, AM5, AM4",0 mm,False
be quiet! Pure Loop 2 FX,$156.38 USD,be quiet!,BW013,4260052189023,"2066, 2011-V3, 2011, 1700, 1200, 1150, 1151, 1155, AM5, AM4",0 mm,False
be quiet! Pure Loop 2 FX,$173.71 USD,be quiet!,BW015,4260052189047,"2066, 2011-V3, 2011, 1700, 1200, 1150, 1151, 1155, AM5, AM4",0 mm,False
be quiet! Pure Rock 2 - 120mm,$42.78 USD,be quiet!,BK006,4260052187920,"1200, 1150, 1151, 1155, 1156, 2011-V3, 2011, 2066, AM4, AM3+, AM3, AM5, 1700",155 mm,True
be quiet! Pure Rock 2 Black - 120mm,$51.69 USD,be quiet!,BK007,4260052187968,"1200, 1150, 1151, 1155, 1156, 2011-V3, 2011, 2066, AM4, AM3+, AM3, AM5, 1700",155 mm,True
be quiet! Pure Rock Slim - 92mm,$35.53 USD,be quiet!,BK008,4260052185254,"1150, 1151, 1155, 1156, AM2, AM3, AM3+, AM4, FM1, FM2, FM2+",125 mm,True
be quiet! Pure Rock Slim 2 - 92mm,$31.9 USD,be quiet!,BK030,4260052188453,"1200, 1150, 1151, 1155, AM4, AM3+, AM5, 1700",135 mm,True
be quiet! Shadow Rock 3 - 120mm,$57.29 USD,be quiet!,BK004,4260052187852,"1150, 1151, 1155, 2011-V3, 2011, 2066, AM4, AM3+, AM3, AM5, 1700",163 mm,True
be quiet! Shadow Rock 3 White - 120mm,$60.92 USD,be quiet!,BK005,4260052188309,"1200, 1150, 1151, 1155, 1156, 2011-V3, 2011, 2066, AM4, AM3+, AM3, AM5, 1700",163 mm,True
be quiet! Shadow Rock LP Low Profile - 120mm,$39.16 USD,be quiet!,BK002,4260052184226,"1150, 1151, 1155, 1156, 1366, 2011, 2011-V3, 2066, 754, 775, 939, 940, AM2, AM3, AM3+, AM4, FM1, FM2, FM2+, AM5, 1700","75,4 mm",False
be quiet! Shadow Rock Slim,$61.31 USD,be quiet!,BK010,4260052183632,"1150, 1151, 1155, 1156, 1366, 2011, 2011-V3, 2066, 754, 775, 939, 940, AM2, AM3, AM3+, FM1, FM2, FM2+",161 mm,True
be quiet! Shadow Rock TF2 - 135mm,$77.01 USD,be quiet!,BK003,4260052185391,"1150, 1151, 1155, 1156, 1366, 2011, 2011-V3, 2066, 775, AM2, AM3, AM3+, AM4, FM1, FM2, FM2+",137 mm,False
Cooler Master Hyper 212 EVO V2 - 120mm,$47.2 USD,Cooler Master,RR-2V2E-18PK-R1,4719512101476,"1200, 1150, 1151, 1155, 1156, 1366, 2011-V3, 2011, 2066, 775, AM4, AM3+, AM2+, FM2+, FM1",155 mm,True
Cooler Master Hyper H412R - 92mm,$21.02 USD,Cooler Master,RR-H412-20PK-R2,4719512064368,"1150, 1151, 1155, 1156, 1366, 2011, 2011-V3, 2066, 775",136 mm,False
Cooler Master Hyper T2 - Compact with Dual Looped Direct Contact Heatpipes,$14.5 USD,Cooler Master,RR-HT2-28PK-R1,884102026317,"1150 , 1156 , 1155 , 775, FM2+ , FM2 , FM1 , AM4 , AM3+ , AM3 , AM2",140 mm,False
"Cooler Master MasterAir G100M, RGB - 100mm",$30.46 USD,Cooler Master,MAM-G1CN-924PC-R1,4719512065341,"1150, 1151, 1155, 1156, 1366, 2011, 2011-V3, 2066, 775, AM2, AM3, AM3+, AM4, FM1, FM2, FM2+","74,5 mm",False
Cooler Master MasterAir MA410M RGB - 2x120mm PWM,$57.06 USD,Cooler Master,MAM-T4PN-218PC-R1,4719512067239,"1150, 1151, 1155, 1156, 1366, 2011, 2011-V3, 2066, AM2, AM3, AM3+, AM4, FM1, FM2, FM2+","165,1 mm",False
"Cooler Master MasterAir MA410P , RGB - 120mm",$46.42 USD,Cooler Master,MAP-T4PN-220PC-R1,4719512064009,"1150, 1151, 1155, 1156, 1366, 2011, 2011-V3, 2066, AM2, AM3, AM3+, AM4, FM1, FM2, FM2+","158,5 mm",True
"Cooler Master MasterAir MA610P , RGB - 120mm",$56.77 USD,Cooler Master,MAP-T6PN-218PC-R1,4719512063408,"1150, 1151, 1155, 1156, 1366, 2011, 2011-V3, 2066, 775, AM2, AM3, AM3+, AM4, FM1, FM2, FM2+",166.5 mm,False
Cooler Master MasterLiquid ML240 ILLUSION White Edition - white,$103.69 USD,Cooler Master,MLX-D24M-A18PW-R1,4719512117415,"1200, 1150, 1151, 1155, 1156, 2011-V3, 2011, 2066, AM4, AM3+, AM3, AM2+, AM2, FM2+, FM2, FM1",0 mm,False
COOLER MASTER MAZ-T8PN-418PR-R1 140mm DynaLoop,$124.04 USD,Cooler Master,MAZ-T8PN-418PR-R1,884102027413,"2011-V3 , 2011 , 1366 , 1151 , 1150 , 1156 , 1155 , 775, FM2+ , FM2 , FM1 , AM3+ , AM3 , AM2+",172 mm,False
Cooler Master ML240R RGB,$125.24 USD,Cooler Master,MLX-D24M-A20PC-R1,4719512064825,"1150, 1151, 1155, 1156, 1366, 2011, 2011-V3, 2066, 775, AM2, AM3, AM3+, AM4, FM1, FM2, FM2+",0 mm,False
COOLER MASTER RR-212E-20PK-R2 120mm Long Life Sleeve Bearing,$41.62 USD,Cooler Master,RR-212E-20PK-R2,884102012921,"2011 , 1366 , 1151 , 1150 , 1155 , 1156 , 775, FM2+ , FM2 , FM1 , AM3+ , AM3 , AM2+ , AM2 , AM1",159 mm,False
COOLER MASTER RR-G5V2-20PK-R1 120mm Loop Dynamic Bearing (LDB),$40.8 USD,Cooler Master,RR-G5V2-20PK-R1,884102026942,"775 , 1155 , 1156 , 1366 , 2011",106 mm,False
COOLER MASTER RR-H6V2-13PK-R1 120mm Rifle,$47.15 USD,Cooler Master,RR-H6V2-13PK-R1,884102026799,"2011,1366,1156,1155,1150,775, FM2+,FM2,FM1,AM3+,AM3,AM2+,AM2",161 mm,False
COOLER MASTER RR-HD92-28PK-R1 92mm Rifle,$42.8 USD,Cooler Master,RR-HD92-28PK-R1,884102026508,"1156 , 1366 , 775",147 mm,False
COOLER MASTER RR-T4-18PK-R1 120mm Rifle,$27.14 USD,Cooler Master,RR-T4-18PK-R1,884102018206,"2011 , 1366 , 1156 , 1155 , 1151 , 1150 , 775, FM2+ , FM2 , FM1 , AM4 , AM3+ , AM3 , AM2",153 mm,False
COOLER MASTER RR-VTPS-28PK-R1 92mm Long life sleeve,$29.93 USD,Cooler Master,RR-VTPS-28PK-R1,884102008511,"754, 939, 940, AM2, 775, 1366",59 mm,False
Cooler Master V8 - Vapor Chamber,$107.67 USD,Cooler Master,RR-V8VC-16PR-R1,4719512041864,"1150, 1151, 1155, 1156, 1366, 2011, 2011-V3, 775, AM2, AM3, AM3+, FM1, FM2, FM2+",166.5 mm,False
Cooler Master Wraith Ripper - 120 mm,$95.74 USD,Cooler Master,MAM-D7PN-DWRPS-T1,4719512075074,TR4,160 mm,False
Corsair Air A500 - 120mm,$78.85 USD,Corsair,CT-9010003-WW,840006617600,"1150, 1151, 1155, 1156, 2011, 2011-V3, 2066, AM2, AM3, AM3+, AM4",169 mm,False
Corsair Cooling Hydro Series H100i Platinum,$162.47 USD,Corsair,CW-9060039-WW,843591035460,"1150, 1151, 1155, 1156, 2011, 2011-V3, 2066, AM2, AM3, AM3+, AM4, TR4, sTRX4",0 mm,False
Corsair Cooling Hydro Series H100i Platinum SE,$145.07 USD,Corsair,CW-9060042-WW,840006612711,"1150, 1151, 1155, 1156, 2011, 2011-V3, 2066, AM2, AM3, AM3+, TR4, sTRX4",0 mm,False
Corsair Cooling Hydro Series H115i Platinum,$123.31 USD,Corsair,CW-9060038-WW,843591035453,"1150, 1151, 1155, 1156, 2011, 2011-V3, 2066, AM2, AM3, AM3+, AM4, TR4, sTRX4",0 mm,False
Corsair Cooling Hydro Series H60 High Performance,$76.15 USD,Corsair,CW-9060036-WW,843591026543,"1150, 1151, 1155, 1156, 1366, 2011, 2011-V3, 2066, AM2, AM3, AM3+, AM4, FM1, FM2, FM2+",0 mm,False
Corsair Cooling Hydro Series H60i RGB PRO XT,$87.04 USD,Corsair,CW-9060049-WW,840006624868,"1200, 1150, 1151, 1155, 1156, 1366, 2011-V3, 2011, 2066, AM4, AM3, FM2, FM1",0 mm,False
Corsair Cooling Hydro Series H75 Performance,$68.9 USD,Corsair,CW-9060035-WW,843591026536,"1150, 1151, 1155, 1156, 2011, 2011-V3, 2066, AM2, AM3, AM3+, AM4, FM1, FM2, FM2+",0 mm,False
Corsair Cooling Hydro Series H80i V2,$68.9 USD,Corsair,CW-9060024-WW,843591071529,"1150, 1151, 1155, 1156, 1366, 2011, 2011-V3, AM2, AM3, AM4, FM1, FM2, FM2+",0 mm,False
CORSAIR iCUE H100i ELITE - black,$224.86 USD,Corsair,CW-9060061-WW,840006648130,"1700, 1200, 1150, 1151, 1155, 1156, 1366, 2011, 2066, AM4, AM3, AM2, sTRX4, sTR4",0 mm,False
"Corsair iCUE H100i ELITE CAPELLIX , black",$148.69 USD,Corsair,CW-9060046-WW,840006618751,"1200, 1150, 1151, 1155, 1156, 1366, 2011, 2066, AM2, AM3, AM4, TR4, sTRX4",0 mm,False
"Corsair iCUE H100i ELITE CAPELLIX White , white",$162.47 USD,Corsair,CW-9060050-WW,840006630609,"1200, sTR4, 1150, 1151, 1155, 1156, 1366, 2011, 2066, AM2, AM3, AM4, sTRX4",0 mm,False
"Corsair iCUE H100i ELITE CAPELLIX XT , black",$159.58 USD,Corsair,CW-9060068-WW,840006683476,"1154, 2066, 2011-V3, 2011, 1700, 1200, 1150, 1151, 1155, 1156, AM5, AM4, sTRX4",0 mm,False
"Corsair iCUE H100i ELITE CAPELLIX XT , white",$177.71 USD,Corsair,CW-9060072-WW,840006683513,"1154, 2066, 2011-V3, 2011, 1700, 1200, 1150, 1151, 1155, 1156, AM5, AM4, sTRX4",0 mm,False
"Corsair iCUE H100i ELITE LCD XT , black",$251.06 USD,Corsair,CW-9060074-WW,840006694199,"1154, 2066, 2011-V3, 2011, 1700, 1200, 1150, 1151, 1155, 1156, AM5, AM4, sTRX4",0 mm,False
"Corsair iCUE H100i RGB Elite , black",$137.81 USD,Corsair,CW-9060058-WW,840006648109,"2066, 2011, 1700, 1366, 1200, 1150, 1151, 1155, 1156, AM5, AM4, sTRX4, sTR4",0 mm,False
"Corsair iCUE H115i ELITE CAPELLIX , black",$159.58 USD,Corsair,CW-9060047-WW,840006618768,"1200, 1150, 1151, 1155, 1156, 1366, 2011, 2066, AM2, AM3, AM4, TR4, sTRX4",0 mm,False
"Corsair iCUE H115i ELITE CAPELLIX XT , black",$177.71 USD,Corsair,CW-9060069-WW,840006683483,"1154, 1400, 2066, 2011-V3, 2011, 1700, 1150, 1151, 1155, 1156, AM5, AM4, sTRX4",0 mm,False
"Corsair iCUE H115i RGB Elite , black",$152.32 USD,Corsair,CW-9060059-WW,840006648116,"2066, 2011, 1700, 1366, 1200, 1150, 1151, 1155, 1156, AM5, AM4, sTRX4, sTR4",0 mm,False
"Corsair iCUE H150i ELITE mit LCD-Monitor, black",$235.74 USD,Corsair,CW-9060062-WW,840006648147,"1700, 1200, 1150, 1151, 1155, 1156, 1366, 2011, 2066, AM4, AM3, AM2, sTRX4, TR4",0 mm,False
"Corsair iCUE H150i ELITE CAPELLIX , black",$177.71 USD,Corsair,CW-9060048-WW,840006618775,"1200, 1150, 1151, 1155, 1156, 1366, 2011, 2066, AM2, AM3, AM4, TR4, sTRX4",0 mm,False
"Corsair iCUE H150i ELITE CAPELLIX White , white",$184.96 USD,Corsair,CW-9060051-WW,840006630616,"1200, sTR4, 1150, 1151, 1155, 1156, 1366, 2011, 2066, AM2, AM3, AM4, sTRX4",0 mm,False
"Corsair iCUE H150i ELITE CAPELLIX XT , black",$199.47 USD,Corsair,CW-9060070-WW,840006683490,"1154, 2066, 2011-V3, 2011, 1700, 1200, 1150, 1151, 1155, 1156, AM5, AM4, sTRX4",0 mm,False
"Corsair iCUE H150i ELITE CAPELLIX XT , white",$220.64 USD,Corsair,CW-9060073-WW,840006683520,"1154, 2066, 2011-V3, 2011, 1700, 1200, 1150, 1151, 1155, 1156, AM5, AM4, sTRX4",0 mm,False
"Corsair iCUE H150i ELITE LCD XT , black",$282.89 USD,Corsair,CW-9060075-WW,840006694205,"1154, 2066, 2011-V3, 2011, 1700, 1200, 1150, 1151, 1155, 1156, AM5, AM4, sTRX4",0 mm,False
"Corsair iCUE H150i ELITE LCD XT , white",$268.38 USD,Corsair,CW-9060077-WW,840006694229,"1154, 2066, 2011-V3, 2011, 1700, 1200, 1150, 1151, 1155, 1156, AM5, AM4, sTRX4",0 mm,False
"Corsair iCUE H150i RGB Elite , black",$174.08 USD,Corsair,CW-9060060-WW,840006648123,"2066, 2011, 1700, 1366, 1200, 1150, 1151, 1155, 1156, AM5, AM4, sTRX4, sTR4",0 mm,False
"Corsair iCUE H170i ELITE mit LCD-Monitor, black",$308.28 USD,Corsair,CW-9060063-WW,840006648154,"1700, 1200, 1150, 1151, 1155, 1156, 1366, 2011, 2066, AM4, AM3, AM2, sTRX4, TR4",0 mm,False
"Corsair iCUE H170i Elite Capellix , black",$210.35 USD,Corsair,CW-9060055-WW,840006643432,"1700, 1200, 1150, 1151, 1155, 1156, 1366, 2011, 2066, AM4, AM3, AM2, sTRX4, sTR4",0 mm,False
"Corsair iCUE H170i ELITE CAPELLIX XT , black",$235.74 USD,Corsair,CW-9060071-WW,840006683506,"1154, 2066, 2011-V3, 2011, 1700, 1200, 1150, 1151, 1155, 1156, AM5, AM4, sTRX4",0 mm,False
"Corsair iCUE H170i ELITE LCD XT , black",$311.17 USD,Corsair,CW-9060076-WW,840006694212,"1154, 2066, 2011-V3, 2011, 1700, 1200, 1150, 1151, 1155, 1156, AM5, AM4, sTRX4",0 mm,False
Deepcool FROSTWIN V2.0 120mm(2pcs) Hydro,$51.58 USD,DEEPCOOL,FROSTWIN V2.0,6933412725145,"2011,1366,1156,1155,1151,1150,775, FM2+,FM2,FM1,AM3+,AM3,AM2+,AM2",151 mm,False
Deepcool GABRIEL 120mm Hydro,$38.34 USD,DEEPCOOL,GABRIEL,6933412725398,"1156,1155,1151,1150, FM2+,FM2,FM1,AM3+,AM3,AM2+,AM2,940,939,754",60 mm,False
DEEPCOOL Gamer Storm Lucifer K2 6 Heatpipes 120mm Slim and Silent PWM Fan,$48.75 USD,DEEPCOOL,LUCIFER K2,6933412725718,"2011-V3, 2011, 1366, 1155,1156,1150,1151, 775, FM1,FM2,FM2+,AM3+,AM3,AM2+,AM2",163 mm,False
DEEPCOOL GAMMAXX 200T 2 Heat pipes 120mm PWM Fan,$20.12 USD,DEEPCOOL,GAMMAXX 200T,6933412725732,"1150 , 1151 , 1155 , 1156, 775, FM2, FM1, AM4, AM3+ , AM3, AM2+, AM2, K8",132 mm,False
DEEPCOOL GAMMAXX 400 4 Heatpipes 120mm PWM Fan with Blue LED,$26.15 USD,DEEPCOOL,GAMMAXX 400,6933412708131,"2011-V3 , 2011 , 1366 , 1156 , 1155 , 1151 , 1150 , 775, AM4 , FM2+ , FM2 , FM1 , AM3+ , AM3 , AM2+ , AM2",155 mm,False
Deepcool GAMMAXX S40 120mm Hydro,$27.55 USD,DEEPCOOL,GAMMAXX S40,6933412725282,"2011, 1366, 1156 , 1155 , 1151 , 1150 , 775, FM2, FM1 , AM4 , AM3+ , AM3 , AM2+ , AM2 , 940 , 939",143 mm,False
Enermax Aquafusion,$87.05 USD,Enermax,ELC-AQF120-SQA,4713157723871,"1150, 1151, 1155, 1156, 1366, 2011, 2011-V3, 2066, AM2, AM3, AM3+, AM4, FM1, FM2, FM2+",0 mm,False
Enermax Aquafusion,$108.81 USD,Enermax,ELC-AQF240-SQA,4713157723888,"1150, 1151, 1155, 1156, 1366, 2011, 2011-V3, 2066, AM2, AM3, AM3+, AM4, FM1, FM2, FM2+",0 mm,False
ENERMAX ETS-N30R-HE 92mm,$26.88 USD,Enermax,ETS-N30R-HE,816163008445,"775 , 1150 , 1151 , 1155 , 1156 , 1366 , 2011 , 2011-V3, AM2 , AM2+ , AM3 , AM3+ , FM1 , FM2 , FM2+",138 mm,False
ENERMAX ETS-N30R-TAA 92mm,$33.83 USD,Enermax,ETS-N30R-TAA,816163008452,"775 , 1150 , 1151 , 1155 , 1156 , 1366 , 2011 , 2011-V3, AM2 , AM2+ , AM3 , AM3+ , FM1 , FM2 , FM2+",138 mm,False
Enermax ETS-T40F,$25.38 USD,Enermax,ETS-T40F TB,816163008247,"775,1150,1151,1155,1156,1366,2011,2011-V3, AM2,AM2+,AM3,AM3+,FM1,FM2,FM2+",162 mm,False
ENERMAX ETS-T40F-BK 120mm Twister Aluminum 120mm Black with blue LED PWM Fan,$29.07 USD,Enermax,ETS-T40F-BK,816163008254,"775 , 1150 , 1151 , 1155 , 1156 , 1366 , 2011 , 2011-V3, AM2 , AM2+ , AM3 , AM3+ , FM1 , FM2 , FM2+",162 mm,False
ENERMAX ETS-T40F-RF 140mm Twister Aluminum 120mm Black with 140mm PWM Fan,$38.91 USD,Enermax,ETS-T40F-RF,816163008278,"775,1150,1151,1155,1156,1366,2011,2011-V3, AM2,AM2+,AM3,AM3+,FM1,FM2,FM2+",166 mm,False
ENERMAX ETS-T40F-TB 120mm Twister Aluminum 120mm with PWM Fan Low 8 dBA nosie w/ fan adaptor,$38.18 USD,Enermax,ETS-T40F-TB,816163008247,"775,1150,1151,1155,1156,1366,2011,2011-V3, AM2,AM2+,AM3,AM3+,FM1,FM2,FM2+",162 mm,False
ENERMAX ETS-T40F-W 120mm Twister Aluminum 120mm White with Dual White LED PWM Fans,$37.66 USD,Enermax,ETS-T40F-W,816163008261,"775 , 1150 , 1151 , 1155 , 1156 , 1366 , 2011 , 2011-V3, AM2 , AM2+ , AM3 , AM3+ , FM1 , FM2 , FM2+",162 mm,False
ENERMAX ETS-T50A-BVT Twister Aluminum 120mm with DFR (Dust Free Rotation) Vegas Fan with 3 color LED,$49.53 USD,Enermax,ETS-T50A-BVT,816163008537,"775 , 1150, 1151, 1155, 1156, 1366 , 2011 , 2011-V3, AM2 , AM2+ , AM3 , AM3+ , FM1 , FM2 , FM2+",160 mm,False
ENERMAX ETS-T50A-WVS Twister Aluminum 120mm White with DFR (Dust Free Rotation) White LED Fan,$60.79 USD,Enermax,ETS-T50A-WVS,816163008599,"775 , 1150, 1151, 1155, 1156, 1366 , 2011 , 2011-V3, AM2 , AM2+ , AM3 , AM3+ , FM1 , FM2 , FM2+",160 mm,False
Enermax LiqFusion 240 RGB - 240 mm,$108.78 USD,Enermax,ELC-LF240-RGB,4713157723383,"1150, 1151, 1155, 1156, 1366, 2011, 2011-V3, 2066, 775, AM2, AM3, AM3+, AM4, FM1, FM2, FM2+",0 mm,False
Enermax LiqTech TR4 II RGB 360,$183.76 USD,Enermax,ELC-LTTRTO360-TBP,4713157723666,"TR4, sTRX4",0 mm,False
"EVGA ACX , black - 120 mm",$37.72 USD,EVGA,100-FS-C201-KR,4250812401717,"1150, 1151, 1155, 1156, 1366, 2011, 775, AM2, AM2+, AM3, AM3+, FM1, FM2",164 mm,False
EVGA CLC 120 RGB,$92.83 USD,EVGA,400-HY-CL12-V1,4250812418029,"1150, 1151, 1155, 1156, 1366, 2011, 2011-V3, 2066, AM2, AM3, AM3+, AM4, FM1, FM2, FM2+, TR4, sTRX4",0 mm,False
EVGA CLC 240 RGB,$97.19 USD,EVGA,400-HY-CL24-V1,4250812420756,"1150, 1151, 1155, 1156, 1366, 2011, 2011-V3, 2066, AM2, AM3, AM3+, AM4, FM1, FM2, FM2+, TR4, sTRX4",0 mm,False
EVGA CLC 280 RGB,$82.48 USD,EVGA,400-HY-CL28-V1,4250812418036,"1150, 1151, 1155, 1156, 1366, 2011, 2011-V3, 2066, AM2, AM3, AM3+, AM4, FM1, FM2, FM2+, TR4, sTRX4",0 mm,False
Fractal Design Celsius S24 - 240 mm,$148.26 USD,Fractal Design,FD-WCU-CELSIUS-S24-BK,7350041084457,"1150, 1151, 1155, 1156, 1366, 2011, 2011-V3, 2066, AM2, AM3, AM3+, AM4",0 mm,False
Fractal Design Celsius S36 - 360 mm,$123.31 USD,Fractal Design,FD-WCU-CELSIUS-S36-BK,7350041084464,"1150, 1151, 1155, 1156, 1366, 2011, 2011-V3, 2066, AM2, AM3, AM3+, AM4, FM1, FM2, FM2+",0 mm,False
Gigabyte Aorus ATC700 - 2x 120mm,$87.04 USD,Gigabyte,GP-ATC700,4719331550127,"1150, 1151, 1155, 1156, 1366, 2011, 2066, 775, AM2, AM3, AM3+, AM4, FM1, FM2, FM2+",170 mm,False
"Hyper 212 LED with PWM Fan, Four Direct Contact Heatpipes, Unique Fan Blade Design, Red LEDs, Optimized Bracket Design by Cooler Master",$23.93 USD,Cooler Master,RR-212L-16PR-R1,884102029486,"2011-V3 , 2011 , 1151 , 1150 , 1155 , 1156 , 775, AM3+ , AM3 , AM2+ , FM2+ , FM2 , FM1",160 mm,False
Intel Thermal Solution HTS1155LP - socket 1155,$26.11 USD,Intel,BXHTS1155LP,5032037019668,"1150, 1151, 1155",26 mm,False
Intel Thermal Solution TS13X,$91.37 USD,Intel,BXTS13X,5032037052597,"1150, 1155, 1156, 1366, 2011",0 mm,False
"Lian Li GALAHAD 240 SL v2, , ARGB - black",$164.92 USD,Lian Li,GALAHAD AIO 240 SL V2 Black,4718466011282,"1700, 1200, 1150, 1151, 1155, 1156, 1366, 2011, 2066, 775, AM4",0 mm,False
"Lian Li GALAHAD 240 SL v2, , ARGB - white",$174.02 USD,Lian Li,Galahad AIO 240 SL v2 White,4718466011275,"1700, 1200, 1150, 1151, 1155, 1156, 1366, 2011, 2066, 775, AM4",0 mm,False
"Lian Li GALAHAD 240 SL, , ARGB - black",$164.92 USD,Lian Li,GALAHAD AIO 240 SL Black,4718466010797,"1700, 1200, 1150, 1151, 1155, 1156, 1366, 2011, 2066, 775, AM4",0 mm,False
"Lian Li GALAHAD 240 SL, , ARGB - white",$174.02 USD,Lian Li,GALAHAD 240 SL White,4718466010780,"1700, 1200, 1150, 1151, 1155, 1156, 1366, 2011, 2066, 775, AM4",0 mm,False
"Lian Li GALAHAD 240 V2 , DRGB - black",$154.48 USD,Lian Li,GALAHAD AIO 240 v2 RGB BLACK,4718466011244,"1700, 1200, 1150, 1151, 1155, 1156, 1366, 2011, 2066, 775, AM4",0 mm,False
"Lian Li GALAHAD 240 v2 , DRGB - white",$180.86 USD,Lian Li,GALAHAD AIO 240 RGB v2,4718466011237,"1700, 1200, 1150, 1151, 1155, 1156, 1366, 2011, 2066, 775, AM4",0 mm,False
"Lian Li GALAHAD 360 SL V2, , ARGB - black",$350.87 USD,Lian Li,GALAHAD 360 SL V2 Black,4718466011305,"1700, 1200, 1150, 1151, 1155, 1156, 1366, 2011, 2066, 775, AM4",0 mm,False
"Lian Li GALAHAD 360 SL v2, , ARGB - white",$216.01 USD,Lian Li,Galahad AIO 360 SL v2 White,4718466011299,"1700, 1200, 1150, 1151, 1155, 1156, 1366, 2011, 2066, 775, AM4",0 mm,False
"Lian Li GALAHAD 360 SL, , ARGB - black",$350.87 USD,Lian Li,GALAHAD 360 SL Black,4718466010810,"1700, 1200, 1150, 1151, 1155, 1156, 1366, 2011, 2066, 775, AM4",0 mm,False
"Lian Li GALAHAD 360 SL, , ARGB - white",$216.01 USD,Lian Li,GALAHAD 360 SL White,4718466010803,"1700, 1200, 1150, 1151, 1155, 1156, 1366, 2011, 2066, 775, AM4",0 mm,False
"Lian Li GALAHAD 360 V2 , ARGB - black",$163.41 USD,Lian Li,GALAHAD 360 RGB BLACK V2,4718466011268,"1700, 1200, 1150, 1151, 1155, 1156, 1366, 2011, 2066, 775, AM4",0 mm,False
"Lian Li GALAHAD 360 V2 , ARGB - white",$181.31 USD,Lian Li,GALAHAD 360 RGB WHITE V2,4718466011251,"1700, 1200, 1150, 1151, 1155, 1156, 1366, 2011, 2066, 775, AM4",0 mm,False
Montech Metal DT24 Base,$79.66 USD,Montech,Metal DT24 Base,4710562741216,"1700, 1200, 1150, 1152, 1151, 1155, 1156, AM5, AM4",153 mm,False
Montech Metal DT24 Premium,$89.66 USD,Montech,Metal DT24 Premium,4710562741223,"1700, 1200, 1150, 1152, 1151, 1155, 1156, AM5, AM4",153 mm,False
"MSI MAG CoreLiquid 240R V2 White , ARGB",$87.04 USD,MSI,306-7ZW1B50-813,4719072901004,"2066, 2011-V3, 2011, 1366, 1200, 1150, 1151, 1155, 1156, AM4, AM3+, AM2+, AM2, FM2+, FM2, FM1",0 mm,False
"MSI MAG CoreLiquid 360R V2 , ARGB",$130.56 USD,MSI,306-7ZW1C41-813,4719072864088,"2066, 2011-V3, 2011, 1700, 1366, 1200, 1150,1151,1155,1156, 1150, 1151, 1155, 1156, AM4, AM3+, AM2+, AM2, FM2+, FM2, FM1",0 mm,False
"MSI MAG CoreLiquid C240 , ARGB",$87.04 USD,MSI,306-7ZW2R11-813,4719072851279,"2066, 2011-V3, 2011, 1700, 1366, 1200, 1150, 1151, 1155, 1156, AM5, AM4, AM3+, AM2+, AM2, FM2+, FM2, FM1",0 mm,False
"MSI MAG CoreLiquid C280 , ARGB",$130.56 USD,MSI,306-7ZW2R21-813,4719072851446,"2066, 2011-V3, 2011, 1700, 1366, 1200, 1150, 1151, 1155, 1156, AM5, AM4, AM3+, AM2+, AM2, FM2+, FM2, FM1",0 mm,False
"MSI MAG CoreLiquid C360 , ARGB",$146.56 USD,MSI,306-7ZW2R31-813,4719072851453,"2066, 2011-V3, 2011, 1366, 1200, 1150, 1151, 1155, 1156, AM4, AM3+, AM2+, AM2, FM2+, FM2, FM1",0 mm,False
MSI MAG CoreLiquid P240,$87.04 USD,MSI,306-7ZW2P11-813,4719072851460,"2066, 2011-V3, 2011, 1700, 1366, 1200, 1150, 1151, 1155, 1156, AM5, AM4, AM3+, AM2+, AM2, FM2+, FM2, FM1",0 mm,False
MSI MAG CoreLiquid P360,$116.05 USD,MSI,306-7ZW2P31-813,4719072851484,"2066, 2011-V3, 2011, 1700, 1366, 1200, 1150,1151,1155,1156, 1150, 1151, 1155, 1156, AM5, AM4, AM3+, AM2+, AM2, FM2+, FM2, FM1",0 mm,False
MSI MEG CoreLiquid S280,$169.72 USD,MSI,9S6-6A0431-001,4719072858230,"2066, 2011-V3, 2011, 1700, 1366, 1200, 1150,1151,1155,1156, 1150, 1151, 1155, 1156, AM4, AM3+, AM3, AM2+, AM2, FM2+, FM2, FM1",0 mm,False
MSI MEG CoreLiquid S360,$268.38 USD,MSI,9S6-6A0521-001,4719072859466,"2066, 2011-V3, 2011, 1700, 1366, 1200, 1150, 1151, 1155, 1156, AM4, AM3+, AM2+, AM2, FM2+, FM2, FM1",0 mm,False
NH-D15,$97.92 USD,Noctua,NH-D15,7967907240294,"AM4, 2011-V3, 1151, FM2, FM2+, AM3, AM3+, 1700, AM5",165 mm,True
Noctua NH-C14S - 140mm,$80.15 USD,Noctua,NH-C14S,4716123315698,"1150, 1151, 1155, 1156, 1366, 2011, 2011-V3, 2066, AM2, AM3, AM3+, FM1, FM2, FM2+, 1700",142 mm,True
Noctua NH-D15S 140mm,$72.5 USD,Noctua,NH-D15S,4716123315681,"1150, 1151, 1155, 1156, 1366, 2011, 2011-V3, 2066, AM2, AM3, AM3+, FM1, FM2, FM2+, 1700",165 mm,True
Noctua NH-D9DX i4 3U - 92mm,$58.02 USD,Noctua,NH-D9DX i4 3U,4716123315599,"1366, 2011, 2011-V3, 2066, 1700",110 mm,True
"Noctua NH-D9L 92mm SSO2 Low-profile Premium , NF-A9 PWM Fans",$54.36 USD,Noctua,NH-D9L,842431012487,"2011-0, 2011-V3, 1156,1155, 1150, AM2,AM2+,AM3, AM3+, FM1, FM2, 1700",110 mm,False
Noctua NH-L9a - 92mm,$50.04 USD,Noctua,NH-L9A,4716123314882,"AM2, AM3, AM3+, FM1, FM2, FM2+",37 mm,False
Noctua NH-L9a 92mm SSO2,$50.04 USD,Noctua,NH-L9a,842431014276,"AM2 , AM2+ , AM3 , AM3+ , FM1 , FM2",37 mm,False
Noctua NH-L9i 95mm SSO2,$36.8 USD,Noctua,NH-L9i,842431014269,"1150, 1155, 1156",37 mm,False
Noctua NH-L9x65 - 92mm,$55.31 USD,Noctua,NH-L9X65,4716123315629,"1150, 1151, 1155, 1156, 2011, 2011-V3, 2066, AM2, AM3, AM3+, FM1, FM2, FM2+",65 mm,False
"Noctua NH-L9x65 92 x 92 x 14mm, 92 x 92 x 25mm SSO2 Low-profile Quiet , NF-A9x14 PWM fan",$55.31 USD,Noctua,NH-L9x65,842431012517,"1150, 1155, 1156, AM2, AM2+, AM3, AM3+, FM1, FM2, FM2+, 1700",65 mm,False
Noctua NH-U12DXi4 - 120mm,$62.96 USD,Noctua,NH-U12DXi4,4716123314974,"1366, 2011, 2011-V3, 2066",125 mm,True
Noctua NH-U12S 120x120x25 ( NF-F12 PWM) SSO2-Bearing ( Self-stabilising oil-presure bearing ),$54.3 USD,Noctua,NH-U12S,842431014306,"2011, 1156,1155, 1150, AM2,AM2+,AM3, AM3+, FM1, FM2, 1700",158 mm,False
Noctua NH-U14S 140mm SSO2-Bearing (Self-stabilising oil-presure bearing),$71.3 USD,Noctua,NH-U14S,842431014313,"1150, 1151, 1155, 1156, 2011, 2011-V3, 2066, AM2, AM3, AM3+, FM1, FM2, FM2+, 1700",165 mm,False
Noctua NH-U9DXi4 - 92mm,$54.37 USD,Noctua,NH-U9DXi4,4716123314967,"1366, 2011, 2011-V3, 2066",125 mm,False
NZXT KRAKEN M22,$83.01 USD,NZXT,RL-KRM22-01,5060301694013,"1150, 1151, 1155, 1156, 1366, 2011, 2011-V3, 2066, AM2, AM3, AM3+, AM4, FM1, FM2, FM2+",0 mm,False
NZXT KRAKEN X42 V2,$123.31 USD,NZXT,RL-KRX42-02,5060301693740,"1150, 1151, 1155, 1156, 1366, 2011, 2011-V3, AM2, AM3, AM3+, AM4, FM1, FM2, FM2+",0 mm,False
NZXT KRAKEN X52 V2,$150.38 USD,NZXT,RL-KRX52-02,5060301693757,"1150, 1151, 1155, 1156, 1366, 2011, 2011-V3, 2066, AM2, AM3, AM3+, AM4, FM1, FM2, FM2+",0 mm,False
NZXT KRAKEN X62 V2,$143.17 USD,NZXT,RL-KRX62-02,5060301693764,"1150, 1151, 1155, 1156, 1366, 2011, 2011-V3, 2066, AM2, AM3, AM3+, AM4, FM1, FM2, FM2+",0 mm,False
NZXT KRAKEN X72,$183.79 USD,NZXT,RL-KRX72-01,5060301694037,"1150, 1151, 1155, 1156, 1366, 2011, 2011-V3, 2066, AM2, AM3, AM3+, AM4, FM1, FM2, FM2+, TR4, sTRX4",0 mm,False
"NZXT Kraken Z53 RGB , black",$263.0 USD,NZXT,RL-KRZ53-R1,5060301696536,"2066, 2011-V3, 1366, 1200, 1150, 1151, 1155, 1156, AM4, sTRX4, TR4",0 mm,False
NZXT KRAKEN Z73,$258.95 USD,NZXT,RL-KRZ73-01,5060301695478,"1150, 1151, 1155, 1156, 1366, 2011, 2011-V3, 2066, AM2, AM3, AM3+, AM4, FM1, FM2, FM2+",0 mm,False
"NZXT Kraken Z73 RGB , black",$339.0 USD,NZXT,RL-KRZ73-R1,5060301696550,"2066, 2011-V3, 1366, 1200, 1150, 1151, 1155, 1156, AM4, sTRX4, TR4",0 mm,False
"PH-TC12LS, Slim Low-Profile, 120mm PWM Processor cooler",$39.89 USD,Phanteks Company,PH-TC12LS_BK,886523000631,"2011,1150,1151,1155,1156,1366,775,FM1,FM2,AM3,AM2",74 mm,False
"PH-TC14S, Slim Twin Towers, 140mm PWM Processor cooler",$47.14 USD,Phanteks Company,PH-TC14S_BK,886523000617,"2011,1150,1151,1155,1156,1366,775,FM1,FM2,AM3,AM2",160 mm,False
"PHANTEKS Glacier One 240 MPH , D-RGB - black",$240.4 USD,PHANTEKS,PH-GO240MPH_DBK01,886523002178,"1700, 1200, 1150, 1151, 1155, 1156, 2011-V3, 2011, 2066, AM4, sTRX4, TR4",0 mm,False
"PHANTEKS Glacier One 240 T30 , D-RGB - black",$204.89 USD,PHANTEKS,PH-GO240T30_DAG01,886523002123,"1200, 1150, 1151, 1155, 1156, 1366, 2011-V3, 2066, AM4, sTRX4, TR4",0 mm,False
"PHANTEKS Glacier One 280 MPH , D-RGB - black",$196.98 USD,PHANTEKS,PH-GO280MPH_DBK01,886523002147,"1700, 1200, 1150, 1151, 1155, 1156, 2011-V3, 2011, 2066, AM4, sTRX4, TR4",0 mm,False
"PHANTEKS Glacier One 360 MPH , D-RGB - black",$145.07 USD,PHANTEKS,PH-GO360MPH_DBK01,886523002130,"1700, 1200, 1150, 1151, 1155, 1156, 2011-V3, 2011, 2066, AM4, sTRX4, TR4",0 mm,False
Phanteks PH-TC12DX 120mm PWM,$54.4 USD,Phanteks Company,PH-TC12DX,886523000341,"1150,2011,1150,1155,1156,1366,775, FM2,FM1,AM3+,AM3,AM2+,AM2",157 mm,False
Phanteks PH-TC12DX_BK 2 x 120mm PWM,$48.05 USD,Phanteks Company,PH-TC12DX_BK,886523000365,"1150 , 2011 , 1150 , 1155 , 1156 , 1366 , 775, FM2 , FM1 , AM3+ , AM3 , AM2+ , AM2",157 mm,False
PHANTEKS PH-TC12LS mit RGB Halos - 120mm,$52.42 USD,PHANTEKS,PH-TC12LS_RGB,886523001447,"1150, 1151, 1155, 1156, 1366, 2011, 2011-V3, 2066, 775, AM2, AM3, AM3+, AM4, FM1, FM2, FM2+",80 mm,False
"PHANTEKS PH-TC12LS HTPC - 120mm, black",$39.89 USD,PHANTEKS,PH-TC12LS_BK,886523000631,"1150, 1151, 1155, 1156, 1366, 2011, 2011-V3, 2066, 775, AM2, AM3, AM3+, AM4, FM1, FM2, FM2+",75 mm,False
"PHANTEKS PH-TC14CS - 140mm, blue",$79.78 USD,PHANTEKS,PH-TC14CS_BL,886523000068,"1150, 1151, 1155, 1156, 1366, 775, AM2, AM2+, AM3, AM3+, FM1, FM2, FM2+",138 mm,False
"PHANTEKS PH-TC14PE - 140mm, orange",$94.29 USD,PHANTEKS,PH-TC14PE_OR,886523000044,"1150, 1151, 1155, 1156, 1366, 2011, 2011-V3, 775, AM2, AM2+, AM3, AM3+, FM1, FM2, FM2+",171 mm,False
"PHANTEKS PH-TC14PE - 140mm, black",$79.13 USD,PHANTEKS,PH-TC14PE_BK,886523000174,"1150, 1151, 1155, 1156, 1366, 2011, 2011-V3, 2066, 775, AM2, AM3, AM3+, FM1, FM2, FM2+",171 mm,True
"PHANTEKS PH-TC14PE - 140mm, silver",$89.93 USD,PHANTEKS,PH-TC14PE,886523000006,"1150, 1151, 1155, 1156, 1366, 2011, 2011-V3, 2066, 775, AM2, AM3, AM3+, FM1, FM2, FM2+",171 mm,True
Phanteks PH-TC14PE 140mm UFB (Updraft Floating Balance),$89.93 USD,Phanteks Company,PH-TC14PE,886523000006,"1150 , 2011 , 1155 , 1156 , 1366 , 775, FM1,AM3+,AM3,AM2+,AM2",171 mm,False
Phanteks PH-TC14PE_BK 140mm UFB (Updraft Floating Balance),$79.13 USD,Phanteks Company,PH-TC14PE_BK,886523000174,"2011 , 1150,1155 , 1156 , 1366 , 775, FM1,AM3+,AM3,AM2+,AM2",171 mm,False
"PHANTEKS PH-TC14S Slim - 140mm, black",$47.14 USD,PHANTEKS,PH-TC14S_BK,886523000617,"1150, 1151, 1155, 1156, 1366, 2011, 2011-V3, 2066, 775, AM2, AM3, AM3+, FM1, FM2, FM2+",160 mm,True
Phononic Hex 2.0 thermoelektrischer - 92 mm,$143.58 USD,Phononic,Hex-2.0,816789020012,"1150, 1151, 1155, 1156, 2011, 2011-V3, 2066, AM2, AM3, AM3+, FM1, FM2, FM2+",125 mm,False
"Prolimatech Genesis ""Dual Viper Edition""",$10.84 USD,Prolimatech,CPBU-046,0,"1150, 1151, 1155, 1156, 1366, 2011, 775, AM2, AM3, AM3+, FM1, FM2",160 mm,True
"Raijintek Aidos Black, Heatpipe , PWM - 92mm",$17.02 USD,RAIJINTEK,0R100009,4715109920352,"1150, 1151, 1155, 1156, 1366, 2011, 2011-V3, 2066, 775, AM2, AM3, AM3+, FM1, FM2, FM2+",136 mm,False
"Raijintek Aidos Heatpipe , PWM - 92mm",$17.14 USD,RAIJINTEK,0P105246,4715109920024,"1150, 1151, 1155, 1156, 1366, 2011, 2011-V3, 2066, 775, AM2, AM3, AM3+, FM1, FM2, FM2+",136 mm,False
"Raijintek Themis Black, Heatpipe , PWM - 120mm",$27.2 USD,RAIJINTEK,0R100010,4715109920369,"1150, 1151, 1155, 1156, 1366, 2011, 2011-V3, 2066, 775, AM2, AM3, AM3+, FM1, FM2, FM2+",157 mm,False
"Raijintek Themis Evo Heatpipe , PWM - 120mm",$40.17 USD,RAIJINTEK,0P105245,4715109920017,"1150, 1151, 1155, 1156, 1366, 2011, 2011-V3, 2066, 775, AM2, AM3, AM3+, FM1, FM2, FM2+",165 mm,False
"Raijintek Zelos Heatpipe , PWM - 90mm",$16.6 USD,RAIJINTEK,0R100003,4715109920260,"1150, 1151, 1155, 1156, AM2, AM3, AM3+, FM1, FM2, FM2+",44 mm,False
Scythe Byakko - 92mm,$54.81 USD,Scythe,SCBYK-1000,4571225055855,"1150, 1151, 1155, 1156, 1366, 775, AM2, AM3, AM3+, AM4, FM1, FM2, FM2+",0 mm,True
Scythe Iori - 100mm,$36.41 USD,Scythe,SCIOR-1000,4571225054766,"1150, 1151, 1155, 1156, 1366, 775, AM2, AM3, AM3+, AM4, FM1, FM2, FM2+",92 mm,False
Scythe Kabuto 3 Processor Cooler,$43.98 USD,SCYTHE,Scythe Kabuto 3 CPU Cooler,4571225055596,"775, 1150, 1151, 1155, 1156, 1366, AM2, AM2+, AM3, AM3+, FM1, FM2, FM2+, AM4",125 mm,False
Scythe SCBSK-2100 Big Shuriken 2 Rev. B,$61.14 USD,Scythe,SCBSK-2100,4571225049441,"1150, 1151, 1155, 1156, 1366, 2011, 2011-V3, 2066, 775, AM2, AM3, AM3+, FM1, FM2, FM2+",58 mm,False
Scythe SCMG-5100 Mugen 5 Rev.B - 120mm,$52.55 USD,Scythe,SCMG-5100,4571225056357,"1150, 1151, 1155, 1156, 1366, 2011, 2011-V3, 2066, 775, AM2, AM3, AM3+, FM1, FM2, FM2+","154,5 mm",True
SILVERSTONE AR01 120mm Sleeve,$55.77 USD,Silverstone,AR01,844761009960,"FM2,FM1,AM3,AM2, 1150,2011,1366,1156,1155,775",159 mm,False
SILVERSTONE AR03 120mm Sleeve,$47.29 USD,Silverstone,AR03,844761009984,"K8 , AM2 , AM2+ , AM3 , 775 , 1150 , 1156 , 1366",159 mm,False
SILVERSTONE AR07 140mm Long life sleeve,$48.61 USD,Silverstone,AR07,844761012601,"775,1150,1151,1155,1156,1366,2011,2011-V3, AM2,AM3,FM1,FM2",163 mm,False
SILVERSTONE AR08 140mm Long life sleeve,$35.03 USD,Silverstone,AR08,844761012618,"775,1150,1151,1155,1156,1366,2011,2011-V3,AM2,AM3,FM1,FM2",134 mm,False
SilverStone Argon Series AR04 Low Profile with 80mm Fan for Socket LGA1150/1156/1155,$37.02 USD,Silverstone,AR04,844761010195,"1150,1151,1155,1156",23 mm,False
"SilverStone Argon Series AR05 Rifle Bearing with 92mm Fan for Socket LGA1155/1156/1150, AM2/AM3/FM1/FM2",$46.42 USD,Silverstone,AR05,844761011369,"1155,1156,1150, AM2,AM3,FM1,FM2",37 mm,False
"SilverStone Argon Series AR06 Rifle Bearing with 92mm Fan for Socket LGA1155/1156/1150, AM2/AM3/FM1/FM2",$65.03 USD,Silverstone,AR06,844761011376,"1155,1156,1150, AM2,AM3,FM1,FM2",58 mm,False
Silverstone Argon SST-AR11 - 92mm,$39.53 USD,Silverstone,SST-AR11,4710007225820,"1150, 1151, 1155, 1156",47 mm,False
SILVERSTONE NT07-115X 80mm,$25.0 USD,Silverstone,NT07-115X,844761010591,"1150 , 1155 , 1156",23 mm,False
SILVERSTONE NT09-115X 92mm,$24.63 USD,Silverstone,NT09-115X,844761012816,"1156,1155,1150,1151",45 mm,False
SUPERMICRO SNK-P0047P,$23.74 USD,SuperMicro,SNK-P0047P,672042093816,"X9, X10",26 mm,False
Thermaltake Engine 17 Low-Profile,$47.14 USD,Thermaltake,CL-P051-AL06SL-A,4711246872646,"1150, 1151, 1155, 1156",17 mm,False
Thermaltake Floe Riing RGB TT Premium-Edition,$108.8 USD,Thermaltake,CL-W157-PL12SW-A,4717964409263,"1150, 1151, 1155, 1156, 1366, 2011, 2011-V3, 2066, AM2, AM3, AM3+, AM4, FM1, FM2, FM2+, TR4",0 mm,False
Thermaltake Floe Riing RGB TT Premium-Edition,$113.75 USD,Thermaltake,CL-W167-PL14SW-A,4717964409287,"1150, 1151, 1155, 1156, 1366, 2011, 2011-V3, 2066, AM2, AM3, AM3+, AM4, FM1, FM2, FM2+",0 mm,False
Thermaltake Floe Riing RGB TT Premium-Edition,$191.49 USD,Thermaltake,CL-W158-PL12SW-A,4717964409270,"1150, 1151, 1155, 1156, 1366, 2011, 2011-V3, 2066, AM2, AM3, AM3+, AM4, FM1, FM2, FM2+",0 mm,False
Thermaltake Riing Silent 12 Blue - 120mm,$40.61 USD,Thermaltake,CL-P022-AL12BU-A,4717964404305,"1150, 1151, 1155, 1156, 1366, 2011, 2011-V3, 2066, 775, 939, 940, AM2, AM3, AM3+, FM1, FM2, FM2+",160 mm,False
Thermaltake Riing Silent 12 Pro Blue - 120mm,$58.51 USD,Thermaltake,CL-P021-CA12BU-A,4717964405197,"1150, 1151, 1155, 1156, 1366, 2011, 2011-V3, 2066, 775, AM2, AM3, AM3+, FM1, FM2, FM2+",160 mm,False
Thermaltake Riing Silent 12 Pro Red - 120mm,$58.02 USD,Thermaltake,CL-P021-CA12RE-A,4717964405203,"1150, 1151, 1155, 1156, 1366, 2011, 2011-V3, 2066, 775, AM2, AM3, AM3+, FM1, FM2, FM2+",160 mm,False
Thermaltake Riing Silent 12 Red - 120mm,$53.25 USD,Thermaltake,CL-P022-AL12RE-A,4717964404312,"1150, 1151, 1155, 1156, 1366, 2011, 2011-V3, 2066, 775, AM1, AM2, AM3, AM3+, FM1, FM2, FM2+",160 mm,False
Thermaltake Water 3.0 ARGB Sync,$121.13 USD,Thermaltake,CL-W233-PL12SW-A,4711246875685,"1150, 1151, 1155, 1156, 1366, 2011, 2011-V3, 2066, AM2, AM3, AM3+, AM4, FM1, FM2, FM2+",0 mm,False
Thermaltake Water 3.0 ARGB Sync,$160.25 USD,Thermaltake,CL-W232-PL12SW-A,4711246875678,"1150, 1151, 1155, 1156, 1366, 2011, 2011-V3, 2066, AM2, AM3, AM3+, AM4, FM1, FM2, FM2+",0 mm,False
Thermaltake Water 3.0 ARGB Sync,$164.65 USD,Thermaltake,CL-W234-PL12SW-A,4711246875692,"1150, 1151, 1155, 1156, 1366, 2011, 2011-V3, 2066, AM2, AM3, AM3+, AM4, FM1, FM2, FM2+",0 mm,False
"Thermaltake Water 3.0 Riing , red - 280 mm",$116.15 USD,Thermaltake,CL-W138-PL14RE-A,4717964406323,"1150, 1151, 1155, 1156, 1366, 2011, 2011-V3, 2066, AM2, AM3, AM3+, AM4, FM1, FM2, FM2+",0 mm,False
Thermaltake Water 3.0 Riing RGB - 240 mm,$113.68 USD,Thermaltake,CL-W107-PL12SW-A,4717964403117,"1150, 1151, 1155, 1156, 1366, 2011, 2011-V3, 2066, AM2, AM3, AM3+, AM4, FM1, FM2, FM2+, TR4, sTRX4",0 mm,False
Thermaltake Water 3.0 Riing RGB - 280 mm,$139.56 USD,Thermaltake,CL-W138-PL14SW-A,4717964406330,"1150, 1151, 1155, 1156, 1366, 2011, 2011-V3, 2066, AM2, AM3, AM3+, AM4, FM1, FM2, FM2+",0 mm,False
Thermaltake Water 3.0 Riing RGB - 360 mm,$174.05 USD,Thermaltake,CL-W108-PL12SW-A,4717964403124,"1150, 1151, 1155, 1156, 1366, 2011, 2011-V3, 2066, AM2, AM3, AM3+, AM4, FM1, FM2, FM2+, TR4, sTRX4",0 mm,False
ZALMAN CNPS10X OPTIMA 120mm FSB (Fluid Shield Bearing) Shark's Fin Blade (LGA 2011 version),$30.48 USD,"Zalman Tech Co., Ltd",CNPS10X OPTIMA,823884204346,"2011 , 1150 , 1155 , 1156 , 1366 , 775, FM1 , AM3+ , AM3 , AM2+ , AM2",152 mm,False
ZALMAN CNPS2X 80mm Long Life Bearing,$21.59 USD,"Zalman Tech Co., Ltd",CNPS2X,823884205206,"1155 , 1156 , 1150 , 775, FM1 , FM2 , AM3+ , AM3 , AM2+ , AM2",27 mm,False
Zalman CNPS80F Ultra Quiet,$12.24 USD,Zalman,CNPS80F,8809213764493,"1150, 1151, 1155, 1156, 775, AM2, AM3, AM3+, FM1, FM2, FM2+","48,4 mm",False
Zalman CNPS8X Optima,$32.97 USD,Zalman,CNPS8X OPTIMA,8809213767371,"1150, 1151, 1155, 1156, 775, AM2, AM3, AM3+, FM1, FM2, FM2+","148,5 mm",False
ZALMAN CNPS8X Optima 100mm Long Life Bearing HIGH PERFORMANCE Processor COOLER,$32.97 USD,"Zalman Tech Co., Ltd",CNPS8X Optima,823884207149,"1151,1150,FM2,FM2+,940,939,754,AM2+,AM2,AM3+,AM3,FM1,775,1156,1155",149 mm,False
